10245,手机游戏、手机游戏--赛车游戏,6682;5033;1000001;6848;3555;3876;9960;9004;16294;6645,真实赛车3;猪猪侠百变飞车;3D终极狂飙4;主驾驶;狂野飚车8-极速凌云;激流快艇2;3D狂野飞车-极速前进;3D狂野飞车;摩托竞技3D;3D终极车神2
16389,手机游戏、手机游戏--冒险游戏,3215;10094;16065;7212;13640;6503;8869;20658;15909;11206,造梦西游OL;正常的大冒险;地狱边境;滑板少年;忍者突袭;剑与魔法;部落探险;疯狂的麦咭;失落之城;勇者大冒险
10247,手机游戏、手机游戏--动作游戏,550;1715;18989;1465;4259;6326;8674;7881;984;3766,地铁跑酷;天天炫斗;神庙逃亡-勇敢传说;火柴人联盟;暗影格斗2;火柴人2015;愤怒的老奶奶跑酷;跑酷老奶奶;崩坏学园2;亡灵杀手-夏侯
2059,手机游戏、手机游戏--休闲游戏,5874;11002;3402;12403;10066;100470;5235;104197;120363;5477,水果泡泡龙;猪猪侠之百变联盟;果汁四溅;单机忍者切水果;决战黄金鲨;坦克1990;猪猪侠爱消除;泡泡龙II;泡泡女巫2;消灭星星
6161,手机游戏、手机游戏--休闲游戏,1532;10127;8395;1277;100795;3518;3571;3772;1670;116790,QQ农场;红蓝大作战2;一起玩陶艺;会说话的汤姆猫;水果忍者;熊出没之疯狂弹射;找你妹2015;多牛百变方块;BB弹;捕鱼来了
18455,手机游戏、手机游戏--游戏助手,3597;10057;115875;7126;4732;8673;5984;12319;107058;5639,Max+;GBA模拟器 My Boy!;G家;战网手机令牌;旅法师营地;烧饼加速器;王者荣耀掌游宝;随身风暴英雄;守望先锋掌游宝;找乐助手
8217,手机游戏、手机游戏--棋牌游戏,11574;11297;101867;9157;6626;102933;5605;9515;20253;12101,贵阳麻将-抓鸡;挖坑;拖拉机 升级;大连打滚子;精品中国象棋;皮皮四川麻将;口袋德州扑克;欢乐围棋;国际象棋;跑得快
2079,手机游戏、手机游戏--智力游戏,2319;1624;5502;3622;18145;17068;4561;11617;8652;11088,鳄鱼小顽皮爱洗澡;疯狂猜成语;一笔画成;新2048;又一个案子解决了;单机急转弯游戏;答题王;同一个世界;1010!;密室逃亡
12319,手机游戏、手机游戏--游戏助手,7126;4732;18455;8673;5984;107058;5639;115705;17830;12218,战网手机令牌;旅法师营地;网易游戏;烧饼加速器;王者荣耀掌游宝;守望先锋掌游宝;找乐助手;腾讯充值;冒泡网游;剑灵掌游宝
14370,手机游戏、手机游戏--棋牌游戏,14214;7229;95423;7516;8321;2289;9236;12426;6020;8066,真人麻将;博雅德州扑克;接龙;吉祥长春麻将;金游掼蛋;豹子王;土豪炸翻天;疯狂麻将;马上斗地主;QQ麻将
8229,手机游戏、手机游戏--休闲游戏,100470;5235;104197;120363;5477;8530;12732;118752;5598;21767,坦克1990;猪猪侠爱消除;泡泡龙II;泡泡女巫2;消灭星星;消消乐(官方正版);祖玛传奇;全民千炮捕鱼;全民大消除;涂鸦跳跃
8231,手机游戏、手机游戏--射击游戏,1096;17229;3551;18660;97876;115650;100478;11730;8073;14899,全民突击;精英部队;全民枪战;火线指令之诺曼底;弹弹岛2;御龙在天;火线指令- 诺曼底;3D坦克争霸;反恐精英CMSWAT;魂斗罗进化革命
8233,手机游戏、手机游戏--休闲游戏,10469;5254;5231;4958;105795;9466;5246;120274;6107;10649,史上最牛的游戏2;愤怒的小鸟-变形金刚;会说话的狗狗本;找你妹;泡泡龙亚特兰蒂斯;开心泡泡鼠;切水果2;疯狂贪吃蛇;水果砰砰砰;燃烧的蔬菜2
116790,手机游戏、手机游戏--休闲游戏,6161;3518;3571;3772;1670;3171;1988;2649;5109;2475,全民钓鱼;熊出没之疯狂弹射;找你妹2015;多牛百变方块;BB弹;别踩白块儿;捕鱼达人3;会说话的安吉拉;老爸曾是小偷;捕鱼达人2
2102,手机游戏、手机游戏--模拟经营,12215;941;116215;5974;19833;11993;118053;4790;2258;6034,我的安吉拉;奇迹暖暖;梦幻花园;梦想城镇;晴天小猫;真实武器模拟器;猫咪后院;暖暖环游世界;开心水族箱;去吧皮卡丘
4154,手机游戏、手机游戏--卡牌游戏,10962;7372;119320;103937;7565;9330;10390;5347;13593,放开那三国;傲世西游;究极数码世界;仙剑奇侠传;欢乐西游;全民水浒;乖离性百万阿瑟王;我叫MT2;最强王者
22588,手机游戏、手机游戏--休闲游戏,7550;5321;20672;21661;10765;659;32061;10892;12145;18368,泡泡龙-喵星人来袭;果冻消消乐;愤怒的小鸟-春节狂欢;捕鱼达人土豪金;糖果大爆炸;消灭星星2015;蠢蠢的死法;疯狂捕鱼3;小鸟爆破;开心糖果消消乐
12351,手机游戏、手机游戏--体育游戏,4465;126302;116666;15068;29318;28451;115882;17278;100162;5249,滑雪大冒险;FIFA足球世界;街头篮球;真实滑板;滑雪大冒险中国风;梦幻足球联盟;台球大师;8球台球;火柴人足球2014;NBA 2K13
12353,手机游戏、手机游戏--角色扮演,13559;119390;120343;127830;101229;5655;19301;118439;20244;33376,神雕侠侣;大航海之路-雨林探险;光明大陆-3D魔幻大电影;命运冠位指定;圣斗士星矢-重生;斗龙战士3龙印之战;倚天屠龙记;剑侠世界;新仙剑奇侠传;暗黑黎明
116804,手机游戏、手机游戏--桌面游戏,1787;125841;3617;3589;119679;10058;122336,英雄杀;饭局狼人杀;三国杀;天天富翁;狼人杀Online;疯狂来往;欢乐狼人杀
6216,手机游戏、手机游戏--音乐游戏,1081;4990;7830;8953;116005;115546;7282;5194;10553;14211,节奏大师;完美钢琴;恋舞OL;炫舞小灵通;劲舞团;爱上钢琴Online;天天炫舞;乐动舞指;乐动时代;中国好声音官方手游-全民偶像
6218,手机游戏、手机游戏--射击游戏,100478;11730;8073;14899;10973;8645;4428;119308;101973;6863,火线指令- 诺曼底;3D坦克争霸;反恐精英CMSWAT;魂斗罗进化革命;杀手2-影子阴谋;狙击行动3D-代号猎鹰;全民枪王;射箭大师 3D;使命召唤-突击队;熊出没之森林保卫战
78,手机游戏、手机游戏--休闲游戏,21453;326;255;115514;924;102;5337;513;119793;1767,迷你世界;天天爱消除;球球大作战;贪吃蛇大作战;宾果消消乐;PopStar消灭星星;钢琴块2;我的汤姆猫;消消乐海滨假日;QQ游戏
12366,手机游戏、手机游戏--休闲游戏,8824;5720;5672;6547;1962;16192;12173;8534;5948;5158,水果连连看3;欢乐盖大楼;消灭糖果;冰雪奇缘-冰纷乐;消灭星星3;开心捕鱼;别踩白块儿4;陌陌熊熊消;天天星连萌;啪啪泡泡龙2016
14416,手机游戏、手机游戏--动作游戏,17863;6336;5525;33376;3839;15353;31270;13915;10327,宫爆-老奶奶家族篇2;果宝特攻;热血奥特超人;暗黑黎明;超级飞侠-飞机跑酷;无尽之剑命运;向量跑酷;天天跑酷;九龙战
14417,手机游戏、手机游戏--棋牌游戏,3913;12579;10533;4345;5460;1221;8700;4284;13185;3533,博雅四人斗地主;空当接龙;南通长牌;欢乐大赢家;全民炸翻天;二人斗地主;爱掼蛋;我爱斗地主;快乐斗地主;酷酷斗地主
108629,手机游戏、手机游戏--休闲游戏,5271;16766;20639;100552;5725;8019;33824;6752;116423;9340,爸爸去哪儿2;切水果消消乐;宝石仙境-天天消宝石;天天打波利;全民连连消;3D桌球;熊猫泡泡;天天街机捕鱼;消灭星星(中文版);七彩祖玛2
10327,手机游戏、手机游戏--动作游戏,3956;17863;6336;5525;33376;3839;15353;31270;13915;14416,全民无双;宫爆-老奶奶家族篇2;果宝特攻;热血奥特超人;暗黑黎明;超级飞侠-飞机跑酷;无尽之剑命运;向量跑酷;天天跑酷;横扫西游
6236,手机游戏、手机游戏--动作游戏,3958;16998;19135;10948;11265;4032;36770;3956;17863;6336,神庙逃亡 魔境仙踪OZ;现代战争4;永恒战士2;神魔2.0;全民奇迹;六龙争霸3D;全民斗战神;全民无双;宫爆-老奶奶家族篇2;果宝特攻
8285,手机游戏、手机游戏--模拟经营,14860;12029;2882;7155;13683;101756;124158;20699;118924;118296,怪物的世界;晴天小狗;全民小镇;钓鱼看漂;合战忍者村;猎鹿人2014;碧蓝航线;大富翁4Fun-圣诞狂欢;辐射-庇护所;模拟城市-建造
102,手机游戏、手机游戏--休闲游戏,21453;326;255;115514;924;5337;513;119793;1767;1283,迷你世界;天天爱消除;球球大作战;贪吃蛇大作战;宾果消消乐;钢琴块2;我的汤姆猫;消消乐海滨假日;QQ游戏;腾讯桌球
8296,手机游戏、手机游戏--跑酷游戏,1611;2381;853;24555;8879;100695;1698;4618;8128;4028,熊出没之熊大快跑;神偷奶爸小黄人快跑;僵尸尖叫;永不言弃!!;铠甲勇士之英雄传说;草莓公主甜心跑酷;酷跑超人-奥特曼;喜羊羊快跑;奔跑吧兄弟;熊出没2-萌宠炫飞
2160,手机游戏、手机游戏--棋牌游戏,3539;3309;100486;5342;115450;2272;2025;4695;9356;5363,多乐保皇;斗地主;JJ麻将;达人麻将;闲来麻将;波克斗地主;小米斗地主;五子棋大师;欢乐五子棋;够级
4210,手机游戏、手机游戏--游戏助手,1568;1867;115676;3157;2990;46469;115486;1331;1334;1116,啪啪游戏厅;我的世界联机盒子;游戏蜂窝;小鸡模拟器;逆战助手;天天抢礼包;掌上TGP;地下城与勇士掌游宝;葫芦侠我的世界;英雄联盟LOL掌游宝
12403,手机游戏、手机游戏--休闲游戏,15087;9716;5874;11002;3402;10066;2059;100470;5235;104197,3M捕鱼;单机消星星;水果泡泡龙;猪猪侠之百变联盟;果汁四溅;决战黄金鲨;俄罗斯方块;坦克1990;猪猪侠爱消除;泡泡龙II
106612,手机游戏、手机游戏--休闲游戏,2649;5109;2475;8683;105596;2217;6289;10469;5254;5231,会说话的安吉拉;老爸曾是小偷;捕鱼达人2;跳跃忍者;见缝插针;史上最难强迫症游戏;愤怒的小鸟2-猴年套装;史上最牛的游戏2;愤怒的小鸟-变形金刚;会说话的狗狗本
100470,手机游戏、手机游戏--休闲游戏,11002;3402;12403;10066;2059;5235;104197;120363;5477;8229,猪猪侠之百变联盟;果汁四溅;单机忍者切水果;决战黄金鲨;俄罗斯方块;猪猪侠爱消除;泡泡龙II;泡泡女巫2;消灭星星;消灭水果
14458,手机游戏、手机游戏--跑酷游戏,4618;8128;4028;7705;4859;4807;12429;7128;8714,喜羊羊快跑;奔跑吧兄弟;熊出没2-萌宠炫飞;海绵宝宝大冒险;猪猪侠向前冲;开心酷跑-圣诞狂欢;超级玛丽酷跑;天天风之旅;大头儿子大冒险
100478,手机游戏、手机游戏--射击游戏,3551;18660;97876;8231;115650;11730;8073;14899;10973;6218,全民枪战;火线指令之诺曼底;弹弹岛2;僵尸前线3D;御龙在天;3D坦克争霸;反恐精英CMSWAT;魂斗罗进化革命;杀手2-影子阴谋;全民枪神(春节版)
12416,手机游戏、手机游戏--策略游戏,108764;11113;8882;5429;14619;25937;8375;29660;10191,沼泽派对;帝国塔防2;巨炮战队;龙骑帝国;战警-大国崛起;混沌与秩序-英雄战歌;陌陌争霸;植物僵尸全明星;战争总动员
8321,手机游戏、手机游戏--棋牌游戏,8943;14214;7229;95423;7516;14370;2289;9236;12426;6020,保皇;真人麻将;博雅德州扑克;接龙;吉祥长春麻将;JJ德州扑克;豹子王;土豪炸翻天;疯狂麻将;马上斗地主
100486,手机游戏、手机游戏--棋牌游戏,2026;4703;1453;3539;3309;5342;115450;2160;2272;2025,QQ斗地主;掼蛋;真人斗地主2;多乐保皇;斗地主;达人麻将;闲来麻将;JJ欢乐斗地主;波克斗地主;小米斗地主
12426,手机游戏、手机游戏--棋牌游戏,95423;7516;8321;14370;2289;9236;6020;8066;7815;17307,接龙;吉祥长春麻将;金游掼蛋;JJ德州扑克;豹子王;土豪炸翻天;马上斗地主;QQ麻将;开心三张;掌心牛牛
10379,手机游戏、手机游戏--策略游戏,100724;7808;5696;6818;4269;10157;8422;12188;10037;9637,丧尸之战;坦克前线-帝国OL;横扫千军;战舰帝国-舰队对战;全民主公-巅峰竞技;小小指挥官2;坦克前线帝国;城堡突袭2;小小军团;七雄争霸
118924,手机游戏、手机游戏--模拟经营,13683;8285;101756;124158;20699;118296;108327;8829;27689;118416,合战忍者村;开心农场-糖果节;猎鹿人2014;碧蓝航线;大富翁4Fun-圣诞狂欢;模拟城市-建造;城市岛屿2;抢车位;刘备磕头;植物保姆
12429,手机游戏、手机游戏--跑酷游戏,1698;4618;8128;4028;7705;4859;4807;7128;8714;14458,酷跑超人-奥特曼;喜羊羊快跑;奔跑吧兄弟;熊出没2-萌宠炫飞;海绵宝宝大冒险;猪猪侠向前冲;开心酷跑-圣诞狂欢;天天风之旅;大头儿子大冒险;奔跑吧兄弟-我是车神
6289,手机游戏、手机游戏--休闲游戏,2475;8683;105596;106612;2217;10469;5254;5231;4958;105795,捕鱼达人2;跳跃忍者;见缝插针;糖果粉碎苏打传奇;史上最难强迫症游戏;史上最牛的游戏2;愤怒的小鸟-变形金刚;会说话的狗狗本;找你妹;泡泡龙亚特兰蒂斯
6291,手机游戏、手机游戏--体育游戏,15068;29318;28451;115882;17278;100162;5249;13659;8047;107571,真实滑板;滑雪大冒险中国风;梦幻足球联盟;台球大师;8球台球;火柴人足球2014;NBA 2K13;我爱台球;胜利足球;FIFA 15-终极队伍
10390,手机游戏、手机游戏--卡牌游戏,10754;10962;7372;119320;103937;7565;9330;5347;13593;4154,我叫MT;放开那三国;傲世西游;究极数码世界;仙剑奇侠传;欢乐西游;全民水浒;我叫MT2;最强王者;天魔幻想
20639,手机游戏、手机游戏--休闲游戏,15143;2630;15955;5271;16766;100552;5725;108629;8019;33824,厕所大冒险;全民泡泡大战;农场英雄传奇;爸爸去哪儿2;切水果消消乐;天天打波利;全民连连消;糖果联机;3D桌球;熊猫泡泡
4259,手机游戏、手机游戏--动作游戏,116078;550;1715;18989;1465;10247;6326;8674;7881;984,崩坏3;地铁跑酷;天天炫斗;神庙逃亡-勇敢传说;火柴人联盟;超凡蜘蛛侠2;火柴人2015;愤怒的老奶奶跑酷;跑酷老奶奶;崩坏学园2
6309,手机游戏、手机游戏--角色扮演,119790;124144;40620;13795;9130;124154;9156;9856;100272;107943,镇魔曲;奇迹-觉醒;罪恶都市;漫威-未来之战;花千骨;fate/GrandOrder(命运-冠位指定);天龙八部3D-万代宗师;虚荣;异形大战铁血战士-进化(完美版);天下
2217,手机游戏、手机游戏--休闲游戏,5109;2475;8683;105596;106612;6289;10469;5254;5231;4958,老爸曾是小偷;捕鱼达人2;跳跃忍者;见缝插针;糖果粉碎苏打传奇;愤怒的小鸟2-猴年套装;史上最牛的游戏2;愤怒的小鸟-变形金刚;会说话的狗狗本;找你妹
4269,手机游戏、手机游戏--策略游戏,6766;100724;7808;5696;6818;10379;10157;8422;12188;10037,天天来塔防;丧尸之战;坦克前线-帝国OL;横扫千军;战舰帝国-舰队对战;三国群英传一;小小指挥官2;坦克前线帝国;城堡突袭2;小小军团
20658,手机游戏、手机游戏--冒险游戏,3215;10094;16065;7212;13640;6503;8869;15909;16389;11206,造梦西游OL;正常的大冒险;地狱边境;滑板少年;忍者突袭;剑与魔法;部落探险;失落之城;冰川时代大冒险;勇者大冒险
6326,手机游戏、手机游戏--动作游戏,1715;18989;1465;4259;10247;8674;7881;984;3766;7546,天天炫斗;神庙逃亡-勇敢传说;火柴人联盟;暗影格斗2;超凡蜘蛛侠2;愤怒的老奶奶跑酷;跑酷老奶奶;崩坏学园2;亡灵杀手-夏侯;天天格斗
8375,手机游戏、手机游戏--策略游戏,18216;108764;11113;8882;5429;14619;25937;29660;10191;12416,王国保卫战-起源;沼泽派对;帝国塔防2;巨炮战队;龙骑帝国;战警-大国崛起;混沌与秩序-英雄战歌;植物僵尸全明星;战争总动员;潮爆三国
4284,手机游戏、手机游戏--棋牌游戏,4345;5460;14417;1221;8700;13185;3533;6992;11574;11297,欢乐大赢家;全民炸翻天;忘忧围棋;二人斗地主;爱掼蛋;快乐斗地主;酷酷斗地主;白金岛跑得快;贵阳麻将-抓鸡;挖坑
6336,手机游戏、手机游戏--动作游戏,6236;4032;36770;3956;17863;5525;33376;3839;15353;31270,三国之刃;六龙争霸3D;全民斗战神;全民无双;宫爆-老奶奶家族篇2;热血奥特超人;暗黑黎明;超级飞侠-飞机跑酷;无尽之剑命运;向量跑酷
20672,手机游戏、手机游戏--休闲游戏,5598;21767;11218;7550;5321;21661;10765;22588;659;32061,全民大消除;涂鸦跳跃;找你妹2;泡泡龙-喵星人来袭;果冻消消乐;捕鱼达人土豪金;糖果大爆炸;会说话的圣诞老人;消灭星星2015;蠢蠢的死法
10435,手机游戏、手机游戏--棋牌游戏,5605;9515;20253;12101;8099;6081;12798;13173;7030;9046,口袋德州扑克;欢乐围棋;国际象棋;跑得快;博雅四川棋牌;围棋宝典;干瞪眼;卡五星;咪咕棋牌;正宗四川麻将
2244,手机游戏、手机游戏--游戏助手,5639;115705;17830;12218;17455;6914;15348;102059;2890;5752,找乐助手;腾讯充值;冒泡网游;剑灵掌游宝;完美刀塔助手;奇迹暖暖掌游宝;我的世界合成表;掌上王者荣耀;英雄联盟控;游戏多
100552,手机游戏、手机游戏--休闲游戏,2630;15955;5271;16766;20639;5725;108629;8019;33824;6752,全民泡泡大战;农场英雄传奇;爸爸去哪儿2;切水果消消乐;宝石仙境-天天消宝石;全民连连消;糖果联机;3D桌球;熊猫泡泡;天天街机捕鱼
4297,手机游戏、手机游戏--棋牌游戏,5363;7539;5339;2827;2840;9022;5793;7319;3913;12579,够级;航海王强者之路;同城游打大A;天天德州;赢话费斗地主;快乐飞行棋;蜘蛛纸牌;经典单机麻将;博雅四人斗地主;空当接龙
8395,手机游戏、手机游戏--休闲游戏,1283;931;17770;1532;10127;1277;100795;6161;3518;3571,腾讯桌球;PopStar！消灭星星;消灭星星3-糖果宝贝;QQ农场;红蓝大作战2;会说话的汤姆猫;水果忍者;全民钓鱼;熊出没之疯狂弹射;找你妹2015
4302,手机游戏、手机游戏--角色扮演,12756;105901;100338;93606;18156;9024;1803;125838;119792;1180,模拟山羊;诛仙;御剑情缘;新剑侠情缘;Fate/GO;新大话西游2;果宝三国;寻仙手游;龙之谷;龙珠激斗
2258,手机游戏、手机游戏--模拟经营,2102;19833;11993;118053;4790;6034;115462;7866;101594;3741,全民农场-欢乐集市;晴天小猫;真实武器模拟器;猫咪后院;暖暖环游世界;去吧皮卡丘;未上锁的房间-昔日之罪;模拟人生;孤岛求生;卡通农场
116947,手机游戏、手机游戏--角色扮演,127830;101229;12353;5655;19301;118439;20244;33376;29222;115982,命运冠位指定;圣斗士星矢-重生;狂斩三国2;斗龙战士3龙印之战;倚天屠龙记;剑侠世界;新仙剑奇侠传;暗黑黎明;MR魔法英雄;黎明之光
2261,手机游戏、手机游戏--游戏助手,3131;1274;584;115709;5647;974;1568;1867;115676;3157,八门神器;网易将军令;虫虫助手;360游戏大厅;沃游戏;咪咕游戏;啪啪游戏厅;我的世界联机盒子;游戏蜂窝;小鸡模拟器
8409,手机游戏、手机游戏--策略游戏,11285;10479;24307;7766;125837;10905;7068;6538;20435;10646,红色警报2共和国崛起;米拉奇战记;山羊大碰撞;无尽之战;真龙霸业;暴击僵尸;乱斗西游2;城堡争霸-遗落之境;要塞围城;世界征服者3
20699,手机游戏、手机游戏--模拟经营,7155;13683;8285;101756;124158;118924;118296;108327;8829;27689,钓鱼看漂;合战忍者村;开心农场-糖果节;猎鹿人2014;碧蓝航线;辐射-庇护所;模拟城市-建造;城市岛屿2;抢车位;刘备磕头
10460,手机游戏、手机游戏--角色扮演,100272;107943;119641;7257;12588;120246;11265;9228;13559;119390,异形大战铁血战士-进化(完美版);天下;影之刃2;This War of Mine;征途;仙境传说RO;全民奇迹;艾诺迪亚4;神雕侠侣;大航海之路-雨林探险
108764,手机游戏、手机游戏--策略游戏,8422;12188;10037;9637;18216;11113;8882;5429;14619;25937,坦克前线帝国;城堡突袭2;小小军团;七雄争霸;王国保卫战-起源;帝国塔防2;巨炮战队;龙骑帝国;战警-大国崛起;混沌与秩序-英雄战歌
223,手机游戏、手机游戏--棋牌游戏,609;335;989;1455;2549;2343;1016;1333;1076;2571,欢乐麻将;JJ斗地主;天天象棋;QQ欢乐升级;途游斗地主;博雅中国象棋;单机斗地主(开心版);JJ比赛;四川麻将;同城游
2272,手机游戏、手机游戏--棋牌游戏,3309;100486;5342;115450;2160;2025;4695;9356;5363;7539,斗地主;JJ麻将;达人麻将;闲来麻将;JJ欢乐斗地主;小米斗地主;五子棋大师;欢乐五子棋;够级;航海王强者之路
2274,手机游戏、手机游戏--街机游戏,5061;20999,拳皇97;抓玩具
18660,手机游戏、手机游戏--射击游戏,124113;6476;1096;17229;3551;97876;8231;115650;100478;11730,光荣使命-使命行动;火线精英;全民突击;精英部队;全民枪战;弹弹岛2;僵尸前线3D;御龙在天;火线指令- 诺曼底;3D坦克争霸
12517,手机游戏、手机游戏--赛车游戏,124142;1807;115586;1127;3988;6682;5033;1000001;6848;3555,QQ飞车手游;登山赛车;城市飞车-极盗车神;天天飞车;登山赛车-天朝历险;真实赛车3;猪猪侠百变飞车;3D终极狂飙4;主驾驶;狂野飚车8-极速凌云
8422,手机游戏、手机游戏--策略游戏,5696;6818;4269;10379;10157;12188;10037;9637;18216;108764,横扫千军;战舰帝国-舰队对战;全民主公-巅峰竞技;三国群英传一;小小指挥官2;城堡突袭2;小小军团;七雄争霸;王国保卫战-起源;沼泽派对
10469,手机游戏、手机游戏--休闲游戏,8683;105596;106612;2217;6289;5254;5231;4958;105795;8233,跳跃忍者;见缝插针;糖果粉碎苏打传奇;史上最难强迫症游戏;愤怒的小鸟2-猴年套装;愤怒的小鸟-变形金刚;会说话的狗狗本;找你妹;泡泡龙亚特兰蒂斯;快乐捕鱼
10479,手机游戏、手机游戏--策略游戏,11271;100778;1594;104426;11285;24307;7766;125837;8409;10905,功夫熊猫3;巅峰战舰;全民超神;梦幻诛仙;红色警报2共和国崛起;山羊大碰撞;无尽之战;真龙霸业;饭店物语;暴击僵尸
2289,手机游戏、手机游戏--棋牌游戏,7229;95423;7516;8321;14370;9236;12426;6020;8066;7815,博雅德州扑克;接龙;吉祥长春麻将;金游掼蛋;JJ德州扑克;土豪炸翻天;疯狂麻将;马上斗地主;QQ麻将;开心三张
4339,手机游戏、手机游戏--模拟经营,7866;101594;3741;25945;9341;2019;106150;17655;14860;12029,模拟人生;孤岛求生;卡通农场;甜甜萌物语;暖暖的换装物语;QQ牧场;烹饪发烧友;我的明星女友;怪物的世界;晴天小狗
4345,手机游戏、手机游戏--棋牌游戏,5793;7319;3913;12579;10533;5460;14417;1221;8700;4284,蜘蛛纸牌;经典单机麻将;博雅四人斗地主;空当接龙;南通长牌;全民炸翻天;忘忧围棋;二人斗地主;爱掼蛋;我爱斗地主
255,手机游戏、手机游戏--休闲游戏,78;21453;326;115514;924;102;5337;513;119793;1767,开心消消乐;迷你世界;天天爱消除;贪吃蛇大作战;宾果消消乐;PopStar消灭星星;钢琴块2;我的汤姆猫;消消乐海滨假日;QQ游戏
4352,手机游戏、手机游戏--策略游戏,1089;1549;15519;125836;124143;7983;120421;7520;6696;12152,保卫萝卜;海岛奇兵;保卫萝卜3;决战！平安京;乱世王者;植物大战僵尸2-宝开;王国纪元;口袋妖怪复刻;率土之滨;燃烧的蔬菜3
14596,手机游戏、手机游戏--智力游戏,11617;8652;11088;16029;19455;1607;13099;5517;8713;18431,同一个世界;1010!;密室逃亡;你画我猜;阿达脑训练;么么答;疯狂填字;看图猜成语;鳄鱼小顽皮爱洗澡2;疯狂猜图
2319,手机游戏、手机游戏--智力游戏,6508;3854;1624;5502;3622;18145;2079;17068;4561;11617,割绳子2;纪念碑谷;疯狂猜成语;一笔画成;新2048;又一个案子解决了;疯狂猜成语2;单机急转弯游戏;答题王;同一个世界
14619,手机游戏、手机游戏--策略游戏,18216;108764;11113;8882;5429;25937;8375;29660;10191;12416,王国保卫战-起源;沼泽派对;帝国塔防2;巨炮战队;龙骑帝国;混沌与秩序-英雄战歌;陌陌争霸;植物僵尸全明星;战争总动员;潮爆三国
2332,手机游戏、手机游戏--动作游戏,7546;3279;105089;3304;100272;15878;3958;16998;19135;10948,天天格斗;赛尔号-雷神崛起酷跑;英雄大作战;天天酷跑3D;异形大战铁血战士-进化(完美版);天天斗三国;神庙逃亡 魔境仙踪OZ;现代战争4;永恒战士2;神魔2.0
12579,手机游戏、手机游戏--棋牌游戏,4297;9022;5793;7319;3913;10533;4345;5460;14417;1221,玩玩四川麻将;快乐飞行棋;蜘蛛纸牌;经典单机麻将;博雅四人斗地主;南通长牌;欢乐大赢家;全民炸翻天;忘忧围棋;二人斗地主
10533,手机游戏、手机游戏--棋牌游戏,9022;5793;7319;3913;12579;4345;5460;14417;1221;8700,快乐飞行棋;蜘蛛纸牌;经典单机麻将;博雅四人斗地主;空当接龙;欢乐大赢家;全民炸翻天;忘忧围棋;二人斗地主;爱掼蛋
2343,手机游戏、手机游戏--棋牌游戏,609;335;989;1455;2549;1016;1333;1076;2571;1877,欢乐麻将;JJ斗地主;天天象棋;QQ欢乐升级;途游斗地主;单机斗地主(开心版);JJ比赛;四川麻将;同城游;单机斗地主-博雅
12588,手机游戏、手机游戏--角色扮演,9856;100272;107943;119641;7257;10460;120246;11265;9228;13559,虚荣;异形大战铁血战士-进化(完美版);天下;影之刃2;This War of Mine;口袋英雄;仙境传说RO;全民奇迹;艾诺迪亚4;神雕侠侣
16693,手机游戏、手机游戏--飞行游戏,1267;105813;4513;19143;24007;5865;15180;5317;4009;6692,雷霆战机;炮艇战3d直升机;神武2;超决战！奥特曼银河传说;模拟极限飞行;青丘狐传说;疯狂喷气机;雷射战机2015;炮艇战-3D直升机(正版);驯龙战机3D
10553,手机游戏、手机游戏--音乐游戏,1081;4990;7830;8953;116005;115546;7282;6216;5194;14211,节奏大师;完美钢琴;恋舞OL;炫舞小灵通;劲舞团;爱上钢琴Online;天天炫舞;QQ炫舞2;乐动舞指;中国好声音官方手游-全民偶像
37182,手机游戏、手机游戏--角色扮演,586;124145;1476;115766;3022;2709;5919;123401;7056;3807,我的世界;楚留香;火影忍者;阴阳师;梦幻西游;时空猎人;问道;天龙八部手游;熹妃传;大话西游
16709,手机游戏、手机游戏--赛车游戏,16294;6645;27157;10667;11141;12253;25505;13315;12914;101178,摩托竞技3D;3D终极车神2;极速摩托;北京赛车;3D暴力摩托2;3D终极车神;口袋拉力赛;3D霹雳飞车;极品飞车17-最高通缉;疯狂出租车-都市狂飙
326,手机游戏、手机游戏--休闲游戏,78;21453;255;115514;924;102;5337;513;119793;1767,开心消消乐;迷你世界;球球大作战;贪吃蛇大作战;宾果消消乐;PopStar消灭星星;钢琴块2;我的汤姆猫;消消乐海滨假日;QQ游戏
2377,手机游戏、手机游戏--卡牌游戏,104080;10984;10754;10962;7372;119320;103937;7565;9330;10390,少年西游记;秦时明月;我叫MT;放开那三国;傲世西游;究极数码世界;仙剑奇侠传;欢乐西游;全民水浒;乖离性百万阿瑟王
6476,手机游戏、手机游戏--射击游戏,124105;124101;123676;128299;124113;1096;17229;3551;18660;97876,荒野行动;终结者2-审判日;魂斗罗-归来;PUBG MOBILE;光荣使命-使命行动;全民突击;精英部队;全民枪战;火线指令之诺曼底;弹弹岛2
2381,手机游戏、手机游戏--跑酷游戏,100211;115562;115499;434;1611;853;24555;8879;8296;100695,滚动的天空;汤姆猫跑酷;疯狂动物园;天天酷跑;熊出没之熊大快跑;僵尸尖叫;永不言弃!!;铠甲勇士之英雄传说;猫和老鼠;草莓公主甜心跑酷
4428,手机游戏、手机游戏--射击游戏,8073;14899;10973;6218;8645;119308;101973;6863;9244;6556,反恐精英CMSWAT;魂斗罗进化革命;杀手2-影子阴谋;全民枪神(春节版);狙击行动3D-代号猎鹰;射箭大师 3D;使命召唤-突击队;熊出没之森林保卫战;奇幻射击;杀手之狙击之神
335,手机游戏、手机游戏--棋牌游戏,223;609;989;1455;2549;2343;1016;1333;1076;2571,欢乐斗地主;欢乐麻将;天天象棋;QQ欢乐升级;途游斗地主;博雅中国象棋;单机斗地主(开心版);JJ比赛;四川麻将;同城游
8530,手机游戏、手机游戏--休闲游戏,5235;104197;120363;5477;8229;12732;118752;5598;21767;11218,猪猪侠爱消除;泡泡龙II;泡泡女巫2;消灭星星;消灭水果;祖玛传奇;全民千炮捕鱼;全民大消除;涂鸦跳跃;找你妹2
6485,手机游戏、手机游戏--策略游戏,10905;7068;6538;20435;10646;6963;11870;124158;13506;4504,暴击僵尸;乱斗西游2;城堡争霸-遗落之境;要塞围城;世界征服者3;COK列王的纷争;燃烧的蔬菜(季节版);碧蓝航线;魔灵召唤- 天空之役;自由之战
8534,手机游戏、手机游戏--休闲游戏,8824;5720;5672;6547;1962;16192;12366;12173;5948;5158,水果连连看3;欢乐盖大楼;消灭糖果;冰雪奇缘-冰纷乐;消灭星星3;开心捕鱼;别踩白块儿6;别踩白块儿4;天天星连萌;啪啪泡泡龙2016
100695,手机游戏、手机游戏--跑酷游戏,2381;853;24555;8879;8296;1698;4618;8128;4028;7705,神偷奶爸小黄人快跑;僵尸尖叫;永不言弃!!;铠甲勇士之英雄传说;猫和老鼠;酷跑超人-奥特曼;喜羊羊快跑;奔跑吧兄弟;熊出没2-萌宠炫飞;海绵宝宝大冒险
356,手机游戏、手机游戏--策略游戏,993;115551;115862;25265;1089;1549;15519;125836;124143;4352,部落冲突;皇室战争;玩吧;英魂之刃;保卫萝卜;海岛奇兵;保卫萝卜3;决战！平安京;乱世王者;保卫萝卜-每日一战
6503,手机游戏、手机游戏--冒险游戏,3215;10094;16065;7212;13640;8869;20658;15909;16389;11206,造梦西游OL;正常的大冒险;地狱边境;滑板少年;忍者突袭;部落探险;疯狂的麦咭;失落之城;冰川时代大冒险;勇者大冒险
6508,手机游戏、手机游戏--智力游戏,3854;2319;1624;5502;3622;18145;2079;17068;4561;11617,纪念碑谷;鳄鱼小顽皮爱洗澡;疯狂猜成语;一笔画成;新2048;又一个案子解决了;疯狂猜成语2;单机急转弯游戏;答题王;同一个世界
4465,手机游戏、手机游戏--体育游戏,126302;116666;12351;15068;29318;28451;115882;17278;100162;5249,FIFA足球世界;街头篮球;台球帝国;真实滑板;滑雪大冒险中国风;梦幻足球联盟;台球大师;8球台球;火柴人足球2014;NBA 2K13
100724,手机游戏、手机游戏--策略游戏,11870;124158;13506;4504;6766;7808;5696;6818;4269;10379,燃烧的蔬菜(季节版);碧蓝航线;魔灵召唤- 天空之役;自由之战;天天来塔防;坦克前线-帝国OL;横扫千军;战舰帝国-舰队对战;全民主公-巅峰竞技;三国群英传一
2425,手机游戏、手机游戏--休闲游戏,10892;12145;18368;7998;6824;8824;5720;5672;6547;1962,疯狂捕鱼3;小鸟爆破;开心糖果消消乐;冲关泡泡龙;全民爱消除;水果连连看3;欢乐盖大楼;消灭糖果;冰雪奇缘-冰纷乐;消灭星星3
16766,手机游戏、手机游戏--休闲游戏,30245;15143;2630;15955;5271;20639;100552;5725;108629;8019,几何冲刺;厕所大冒险;全民泡泡大战;农场英雄传奇;爸爸去哪儿2;宝石仙境-天天消宝石;天天打波利;全民连连消;糖果联机;3D桌球
8580,手机游戏、手机游戏--休闲游戏,6752;116423;9340;22379;7994;15087;9716;5874;11002;3402,天天街机捕鱼;消灭星星(中文版);七彩祖玛2;七彩祖玛;消灭星星5;3M捕鱼;单机消星星;水果泡泡龙;猪猪侠之百变联盟;果汁四溅
6538,手机游戏、手机游戏--策略游戏,7766;125837;8409;10905;7068;20435;10646;6485;6963;11870,无尽之战;真龙霸业;饭店物语;暴击僵尸;乱斗西游2;要塞围城;世界征服者3;坦克风云;COK列王的纷争;燃烧的蔬菜(季节版)
396,手机游戏、手机游戏--游戏助手,580;105994;583;115653;1490;556;1952;2587;3131;1274,葫芦侠;王者荣耀助手;4399游戏盒;天天游戏中心;掌上穿越火线;多玩我的世界盒子;骑士助手;7723游戏盒;八门神器;网易将军令
6547,手机游戏、手机游戏--休闲游戏,6824;2425;8824;5720;5672;1962;16192;12366;12173;8534,全民爱消除;快乐酷宝;水果连连看3;欢乐盖大楼;消灭糖果;消灭星星3;开心捕鱼;别踩白块儿6;别踩白块儿4;陌陌熊熊消
10646,手机游戏、手机游戏--策略游戏,8409;10905;7068;6538;20435;6485;6963;11870;124158;13506,饭店物语;暴击僵尸;乱斗西游2;城堡争霸-遗落之境;要塞围城;坦克风云;COK列王的纷争;燃烧的蔬菜(季节版);碧蓝航线;魔灵召唤- 天空之役
4504,手机游戏、手机游戏--策略游戏,6485;6963;11870;124158;13506;6766;100724;7808;5696;6818,坦克风云;COK列王的纷争;燃烧的蔬菜(季节版);碧蓝航线;魔灵召唤- 天空之役;天天来塔防;丧尸之战;坦克前线-帝国OL;横扫千军;战舰帝国-舰队对战
10649,手机游戏、手机游戏--休闲游戏,8233;9466;5246;120274;6107;15198;2559;17620;9458;105957,快乐捕鱼;开心泡泡鼠;切水果2;疯狂贪吃蛇;水果砰砰砰;开心泡泡龙;快乐点点消;捣蛋猪;矿车大逃亡;汤姆猫泡泡射手
6556,手机游戏、手机游戏--射击游戏,14899;10973;6218;8645;4428;119308;101973;6863;9244;9640,魂斗罗进化革命;杀手2-影子阴谋;全民枪神(春节版);狙击行动3D-代号猎鹰;全民枪王;射箭大师 3D;使命召唤-突击队;熊出没之森林保卫战;奇幻射击;生化危机4
4513,手机游戏、手机游戏--飞行游戏,739;1267;105813;19143;24007;5865;15180;16693;5317;4009,全民飞机大战;雷霆战机;炮艇战3d直升机;超决战！奥特曼银河传说;模拟极限飞行;青丘狐传说;疯狂喷气机;雷霆X战机2;雷射战机2015;炮艇战-3D直升机(正版)
100778,手机游戏、手机游戏--策略游戏,120421;7520;6696;12152;11271;1594;104426;11285;10479;24307,王国纪元;口袋妖怪复刻;率土之滨;燃烧的蔬菜3;功夫熊猫3;全民超神;梦幻诛仙;红色警报2共和国崛起;米拉奇战记;山羊大碰撞
2475,手机游戏、手机游戏--休闲游戏,116790;3171;1988;2649;5109;8683;105596;106612;2217;6289,捕鱼来了;别踩白块儿;捕鱼达人3;会说话的安吉拉;老爸曾是小偷;跳跃忍者;见缝插针;糖果粉碎苏打传奇;史上最难强迫症游戏;愤怒的小鸟2-猴年套装
10667,手机游戏、手机游戏--赛车游戏,9960;9004;16294;6645;27157;11141;16709;12253;25505;13315,3D狂野飞车-极速前进;3D狂野飞车;摩托竞技3D;3D终极车神2;极速摩托;3D暴力摩托2;竞技摩托;3D终极车神;口袋拉力赛;3D霹雳飞车
434,手机游戏、手机游戏--跑酷游戏,100211;115562;115499;1611;2381;853;24555;8879;8296;100695,滚动的天空;汤姆猫跑酷;疯狂动物园;熊出没之熊大快跑;神偷奶爸小黄人快跑;僵尸尖叫;永不言弃!!;铠甲勇士之英雄传说;猫和老鼠;草莓公主甜心跑酷
100795,手机游戏、手机游戏--休闲游戏,17770;1532;10127;8395;1277;6161;3518;3571;3772;1670,消灭星星3-糖果宝贝;QQ农场;红蓝大作战2;一起玩陶艺;会说话的汤姆猫;全民钓鱼;熊出没之疯狂弹射;找你妹2015;多牛百变方块;BB弹
12732,手机游戏、手机游戏--休闲游戏,104197;120363;5477;8229;8530;118752;5598;21767;11218;7550,泡泡龙II;泡泡女巫2;消灭星星;消灭水果;消消乐(官方正版);全民千炮捕鱼;全民大消除;涂鸦跳跃;找你妹2;泡泡龙-喵星人来袭
8645,手机游戏、手机游戏--射击游戏,11730;8073;14899;10973;6218;4428;119308;101973;6863;9244,3D坦克争霸;反恐精英CMSWAT;魂斗罗进化革命;杀手2-影子阴谋;全民枪神(春节版);全民枪王;射箭大师 3D;使命召唤-突击队;熊出没之森林保卫战;奇幻射击
8652,手机游戏、手机游戏--智力游戏,18145;2079;17068;4561;11617;11088;16029;19455;14596;1607,又一个案子解决了;疯狂猜成语2;单机急转弯游戏;答题王;同一个世界;密室逃亡;你画我猜;阿达脑训练;疯狂猜歌;么么答
4561,手机游戏、手机游戏--智力游戏,5502;3622;18145;2079;17068;11617;8652;11088;16029;19455,一笔画成;新2048;又一个案子解决了;疯狂猜成语2;单机急转弯游戏;同一个世界;1010!;密室逃亡;你画我猜;阿达脑训练
12756,手机游戏、手机游戏--角色扮演,5919;123401;7056;3807;8180;105901;100338;93606;18156;4302,问道;天龙八部手游;熹妃传;大话西游;后宫甄执;诛仙;御剑情缘;新剑侠情缘;Fate/GO;少年三国志
478,手机游戏、手机游戏--游戏助手,1116;108375;972;3938;4018;5486;6119;4924;4793;3597,英雄联盟LOL掌游宝;Google Play Games;多玩饭盒;按键精灵;我的世界助手;天刀助手;掌上洛克;炉石传说掌游宝;口袋梦三国;Max+
8673,手机游戏、手机游戏--游戏助手,10057;115875;7126;4732;18455;5984;12319;107058;5639;115705,GBA模拟器 My Boy!;G家;战网手机令牌;旅法师营地;网易游戏;王者荣耀掌游宝;随身风暴英雄;守望先锋掌游宝;找乐助手;腾讯充值
8674,手机游戏、手机游戏--动作游戏,18989;1465;4259;10247;6326;7881;984;3766;7546;3279,神庙逃亡-勇敢传说;火柴人联盟;暗影格斗2;超凡蜘蛛侠2;火柴人2015;跑酷老奶奶;崩坏学园2;亡灵杀手-夏侯;天天格斗;赛尔号-雷神崛起酷跑
6626,手机游戏、手机游戏--棋牌游戏,6992;11574;11297;101867;9157;8217;102933;5605;9515;20253,白金岛跑得快;贵阳麻将-抓鸡;挖坑;拖拉机 升级;大连打滚子;五子连珠;皮皮四川麻将;口袋德州扑克;欢乐围棋;国际象棋
8683,手机游戏、手机游戏--休闲游戏,3171;1988;2649;5109;2475;105596;106612;2217;6289;10469,别踩白块儿;捕鱼达人3;会说话的安吉拉;老爸曾是小偷;捕鱼达人2;见缝插针;糖果粉碎苏打传奇;史上最难强迫症游戏;愤怒的小鸟2-猴年套装;史上最牛的游戏2
2549,手机游戏、手机游戏--棋牌游戏,223;609;335;989;1455;2343;1016;1333;1076;2571,欢乐斗地主;欢乐麻将;JJ斗地主;天天象棋;QQ欢乐升级;博雅中国象棋;单机斗地主(开心版);JJ比赛;四川麻将;同城游
6645,手机游戏、手机游戏--赛车游戏,10245;3876;9960;9004;16294;27157;10667;11141;16709;12253,暴力摩托;激流快艇2;3D狂野飞车-极速前进;3D狂野飞车;摩托竞技3D;极速摩托;北京赛车;3D暴力摩托2;竞技摩托;3D终极车神
8700,手机游戏、手机游戏--棋牌游戏,10533;4345;5460;14417;1221;4284;13185;3533;6992;11574,南通长牌;欢乐大赢家;全民炸翻天;忘忧围棋;二人斗地主;我爱斗地主;快乐斗地主;酷酷斗地主;白金岛跑得快;贵阳麻将-抓鸡
12798,手机游戏、手机游戏--棋牌游戏,20253;12101;8099;10435;6081;13173;7030;9046;10003;13143,国际象棋;跑得快;博雅四川棋牌;单机拖拉机升级;围棋宝典;卡五星;咪咕棋牌;正宗四川麻将;嘉米麻将;街机麻将合集之龙虎争霸
2559,手机游戏、手机游戏--休闲游戏,5246;120274;6107;10649;15198;17620;9458;105957;30245;15143,切水果2;疯狂贪吃蛇;水果砰砰砰;燃烧的蔬菜2;开心泡泡龙;捣蛋猪;矿车大逃亡;汤姆猫泡泡射手;几何冲刺;厕所大冒险
513,手机游戏、手机游戏--休闲游戏,255;115514;924;102;5337;119793;1767;1283;931;17770,球球大作战;贪吃蛇大作战;宾果消消乐;PopStar消灭星星;钢琴块2;消消乐海滨假日;QQ游戏;腾讯桌球;PopStar！消灭星星;消灭星星3-糖果宝贝
10754,手机游戏、手机游戏--卡牌游戏,2377;104080;10984;10962;7372;119320;103937;7565;9330;10390,炉石传说;少年西游记;秦时明月;放开那三国;傲世西游;究极数码世界;仙剑奇侠传;欢乐西游;全民水浒;乖离性百万阿瑟王
20999,手机游戏、手机游戏--街机游戏,2274;5061,拳皇98-终极之战ol;拳皇97
8713,手机游戏、手机游戏--智力游戏,11088;16029;19455;14596;1607;13099;5517;18431;9663;5581,密室逃亡;你画我猜;阿达脑训练;疯狂猜歌;么么答;疯狂填字;看图猜成语;疯狂猜图;最强大脑2;脑力达人-宠物
4618,手机游戏、手机游戏--跑酷游戏,24555;8879;8296;100695;1698;8128;4028;7705;4859;4807,永不言弃!!;铠甲勇士之英雄传说;猫和老鼠;草莓公主甜心跑酷;酷跑超人-奥特曼;奔跑吧兄弟;熊出没2-萌宠炫飞;海绵宝宝大冒险;猪猪侠向前冲;开心酷跑-圣诞狂欢
2571,手机游戏、手机游戏--棋牌游戏,2549;2343;1016;1333;1076;1877;1546;1548;1396;2026,途游斗地主;博雅中国象棋;单机斗地主(开心版);JJ比赛;四川麻将;单机斗地主-博雅;吉祥棋牌;军棋;波克棋牌;QQ斗地主
14860,手机游戏、手机游戏--模拟经营,9341;4339;2019;106150;17655;12029;2882;7155;13683;8285,暖暖的换装物语;开心商店;QQ牧场;烹饪发烧友;我的明星女友;晴天小狗;全民小镇;钓鱼看漂;合战忍者村;开心农场-糖果节
119308,手机游戏、手机游戏--射击游戏,14899;10973;6218;8645;4428;101973;6863;9244;6556;9640,魂斗罗进化革命;杀手2-影子阴谋;全民枪神(春节版);狙击行动3D-代号猎鹰;全民枪王;使命召唤-突击队;熊出没之森林保卫战;奇幻射击;杀手之狙击之神;生化危机4
8714,手机游戏、手机游戏--跑酷游戏,1698;4618;8128;4028;7705;4859;4807;12429;7128;14458,酷跑超人-奥特曼;喜羊羊快跑;奔跑吧兄弟;熊出没2-萌宠炫飞;海绵宝宝大冒险;猪猪侠向前冲;开心酷跑-圣诞狂欢;超级玛丽酷跑;天天风之旅;奔跑吧兄弟-我是车神
10765,手机游戏、手机游戏--休闲游戏,11218;7550;5321;20672;21661;22588;659;32061;10892;12145,找你妹2;泡泡龙-喵星人来袭;果冻消消乐;愤怒的小鸟-春节狂欢;捕鱼达人土豪金;会说话的圣诞老人;消灭星星2015;蠢蠢的死法;疯狂捕鱼3;小鸟爆破
123401,手机游戏、手机游戏--角色扮演,115766;3022;37182;2709;5919;7056;3807;8180;12756;105901,阴阳师;梦幻西游;倩女幽魂;时空猎人;问道;熹妃传;大话西游;后宫甄执;模拟山羊;诛仙
102933,手机游戏、手机游戏--棋牌游戏,11297;101867;9157;6626;8217;5605;9515;20253;12101;8099,挖坑;拖拉机 升级;大连打滚子;精品中国象棋;五子连珠;口袋德州扑克;欢乐围棋;国际象棋;跑得快;博雅四川棋牌
27157,手机游戏、手机游戏--赛车游戏,3876;9960;9004;16294;6645;10667;11141;16709;12253;25505,激流快艇2;3D狂野飞车-极速前进;3D狂野飞车;摩托竞技3D;3D终极车神2;北京赛车;3D暴力摩托2;竞技摩托;3D终极车神;口袋拉力赛
119320,手机游戏、手机游戏--卡牌游戏,104080;10984;10754;10962;7372;103937;7565;9330;10390;5347,少年西游记;秦时明月;我叫MT;放开那三国;傲世西游;仙剑奇侠传;欢乐西游;全民水浒;乖离性百万阿瑟王;我叫MT2
12824,手机游戏、手机游戏--棋牌游戏,7030;9046;10003;13143;11185;8943;14214;7229;95423;7516,咪咕棋牌;正宗四川麻将;嘉米麻将;街机麻将合集之龙虎争霸;明星斗地主;保皇;真人麻将;博雅德州扑克;接龙;吉祥长春麻将
6682,手机游戏、手机游戏--赛车游戏,1807;115586;1127;3988;12517;5033;1000001;6848;3555;10245,登山赛车;城市飞车-极盗车神;天天飞车;登山赛车-天朝历险;3D暴力摩托;猪猪侠百变飞车;3D终极狂飙4;主驾驶;狂野飚车8-极速凌云;暴力摩托
2587,手机游戏、手机游戏--游戏助手,583;115653;1490;556;1952;3131;1274;584;115709;5647,4399游戏盒;天天游戏中心;掌上穿越火线;多玩我的世界盒子;骑士助手;八门神器;网易将军令;虫虫助手;360游戏大厅;沃游戏
6692,手机游戏、手机游戏--飞行游戏,105813;4513;19143;24007;5865;15180;16693;5317;4009,炮艇战3d直升机;神武2;超决战！奥特曼银河传说;模拟极限飞行;青丘狐传说;疯狂喷气机;雷霆X战机2;雷射战机2015;炮艇战-3D直升机(正版)
550,手机游戏、手机游戏--动作游戏,817;116078;1715;18989;1465;4259;10247;6326;8674;7881,神庙逃亡2;崩坏3;天天炫斗;神庙逃亡-勇敢传说;火柴人联盟;暗影格斗2;超凡蜘蛛侠2;火柴人2015;愤怒的老奶奶跑酷;跑酷老奶奶
29222,手机游戏、手机游戏--角色扮演,127830;101229;12353;5655;19301;118439;20244;33376;116947;115982,命运冠位指定;圣斗士星矢-重生;狂斩三国2;斗龙战士3龙印之战;倚天屠龙记;剑侠世界;新仙剑奇侠传;暗黑黎明;大唐无双;黎明之光
6696,手机游戏、手机游戏--策略游戏,124143;4352;7983;120421;7520;12152;11271;100778;1594;104426,乱世王者;保卫萝卜-每日一战;植物大战僵尸2-宝开;王国纪元;口袋妖怪复刻;燃烧的蔬菜3;功夫熊猫3;巅峰战舰;全民超神;梦幻诛仙
31270,手机游戏、手机游戏--动作游戏,3956;17863;6336;5525;33376;3839;15353;13915;10327;14416,全民无双;宫爆-老奶奶家族篇2;果宝特攻;热血奥特超人;暗黑黎明;超级飞侠-飞机跑酷;无尽之剑命运;天天跑酷;九龙战;横扫西游
102954,手机游戏、手机游戏--模拟经营,118924;118296;108327;8829;27689;118416;14246;117351;13615;11051,辐射-庇护所;模拟城市-建造;城市岛屿2;抢车位;刘备磕头;植物保姆;战警-坦克游戏;时尚达人;吃货大食堂;料理妈妈
556,手机游戏、手机游戏--游戏助手,580;105994;583;115653;1490;1952;2587;3131;1274;584,葫芦侠;王者荣耀助手;4399游戏盒;天天游戏中心;掌上穿越火线;骑士助手;7723游戏盒;八门神器;网易将军令;虫虫助手
18989,手机游戏、手机游戏--动作游戏,817;116078;550;1715;1465;4259;10247;6326;8674;7881,神庙逃亡2;崩坏3;地铁跑酷;天天炫斗;火柴人联盟;暗影格斗2;超凡蜘蛛侠2;火柴人2015;愤怒的老奶奶跑酷;跑酷老奶奶
107058,手机游戏、手机游戏--游戏助手,4732;18455;8673;5984;12319;5639;115705;17830;12218;17455,旅法师营地;网易游戏;烧饼加速器;王者荣耀掌游宝;随身风暴英雄;找乐助手;腾讯充值;冒泡网游;剑灵掌游宝;完美刀塔助手
14899,手机游戏、手机游戏--射击游戏,8231;115650;100478;11730;8073;10973;6218;8645;4428;119308,僵尸前线3D;御龙在天;火线指令- 诺曼底;3D坦克争霸;反恐精英CMSWAT;杀手2-影子阴谋;全民枪神(春节版);狙击行动3D-代号猎鹰;全民枪王;射箭大师 3D
1000001,手机游戏、手机游戏--赛车游戏,1127;3988;12517;6682;5033;6848;3555;10245;3876;9960,天天飞车;登山赛车-天朝历险;3D暴力摩托;真实赛车3;猪猪侠百变飞车;主驾驶;狂野飚车8-极速凌云;暴力摩托;激流快艇2;3D狂野飞车-极速前进
580,手机游戏、手机游戏--游戏助手,396;105994;583;115653;1490;556;1952;2587;3131;1274,掌上英雄联盟;王者荣耀助手;4399游戏盒;天天游戏中心;掌上穿越火线;多玩我的世界盒子;骑士助手;7723游戏盒;八门神器;网易将军令
2630,手机游戏、手机游戏--休闲游戏,17620;9458;105957;30245;15143;15955;5271;16766;20639;100552,捣蛋猪;矿车大逃亡;汤姆猫泡泡射手;几何冲刺;厕所大冒险;农场英雄传奇;爸爸去哪儿2;切水果消消乐;宝石仙境-天天消宝石;天天打波利
583,手机游戏、手机游戏--游戏助手,396;580;105994;115653;1490;556;1952;2587;3131;1274,掌上英雄联盟;葫芦侠;王者荣耀助手;天天游戏中心;掌上穿越火线;多玩我的世界盒子;骑士助手;7723游戏盒;八门神器;网易将军令
584,手机游戏、手机游戏--游戏助手,556;1952;2587;3131;1274;115709;5647;2261;974;1568,多玩我的世界盒子;骑士助手;7723游戏盒;八门神器;网易将军令;360游戏大厅;沃游戏;交易猫;咪咕游戏;啪啪游戏厅
586,手机游戏、手机游戏--角色扮演,124145;1476;115766;3022;37182;2709;5919;123401;7056;3807,楚留香;火影忍者;阴阳师;梦幻西游;倩女幽魂;时空猎人;问道;天龙八部手游;熹妃传;大话西游
4695,手机游戏、手机游戏--棋牌游戏,5342;115450;2160;2272;2025;9356;5363;7539;5339;2827,达人麻将;闲来麻将;JJ欢乐斗地主;波克斗地主;小米斗地主;欢乐五子棋;够级;航海王强者之路;同城游打大A;天天德州
2649,手机游戏、手机游戏--休闲游戏,3772;1670;116790;3171;1988;5109;2475;8683;105596;106612,多牛百变方块;BB弹;捕鱼来了;别踩白块儿;捕鱼达人3;老爸曾是小偷;捕鱼达人2;跳跃忍者;见缝插针;糖果粉碎苏打传奇
119390,手机游戏、手机游戏--角色扮演,10460;120246;11265;9228;13559;120343;127830;101229;12353;5655,口袋英雄;仙境传说RO;全民奇迹;艾诺迪亚4;神雕侠侣;光明大陆-3D魔幻大电影;命运冠位指定;圣斗士星矢-重生;狂斩三国2;斗龙战士3龙印之战
4703,手机游戏、手机游戏--棋牌游戏,1877;1546;1548;1396;2026;1453;3539;3309;100486;5342,单机斗地主-博雅;吉祥棋牌;军棋;波克棋牌;QQ斗地主;真人斗地主2;多乐保皇;斗地主;JJ麻将;达人麻将
6752,手机游戏、手机游戏--休闲游戏,100552;5725;108629;8019;33824;116423;9340;22379;7994;8580,天天打波利;全民连连消;糖果联机;3D桌球;熊猫泡泡;消灭星星(中文版);七彩祖玛2;七彩祖玛;消灭星星5;捕鱼之海底捞
33376,手机游戏、手机游戏--动作游戏、手机游戏--角色扮演,127830;101229;12353;5655;19301;118439;20244;116947;29222;115982,命运冠位指定;圣斗士星矢-重生;狂斩三国2;斗龙战士3龙印之战;倚天屠龙记;剑侠世界;新仙剑奇侠传;大唐无双;MR魔法英雄;黎明之光
16998,手机游戏、手机游戏--动作游戏,3304;100272;2332;15878;3958;19135;10948;11265;6236;4032,天天酷跑3D;异形大战铁血战士-进化(完美版);机战王;天天斗三国;神庙逃亡 魔境仙踪OZ;永恒战士2;神魔2.0;全民奇迹;三国之刃;六龙争霸3D
117351,手机游戏、手机游戏--模拟经营,118924;118296;108327;8829;27689;118416;14246;102954;13615;11051,辐射-庇护所;模拟城市-建造;城市岛屿2;抢车位;刘备磕头;植物保姆;战警-坦克游戏;城市岛屿3-模拟城市;吃货大食堂;料理妈妈
6766,手机游戏、手机游戏--策略游戏,6963;11870;124158;13506;4504;100724;7808;5696;6818;4269,COK列王的纷争;燃烧的蔬菜(季节版);碧蓝航线;魔灵召唤- 天空之役;自由之战;丧尸之战;坦克前线-帝国OL;横扫千军;战舰帝国-舰队对战;全民主公-巅峰竞技
12914,手机游戏、手机游戏--赛车游戏,16294;6645;27157;10667;11141;16709;12253;25505;13315;101178,摩托竞技3D;3D终极车神2;极速摩托;北京赛车;3D暴力摩托2;竞技摩托;3D终极车神;口袋拉力赛;3D霹雳飞车;疯狂出租车-都市狂飙
8824,手机游戏、手机游戏--休闲游戏,12145;18368;7998;6824;2425;5720;5672;6547;1962;16192,小鸟爆破;开心糖果消消乐;冲关泡泡龙;全民爱消除;快乐酷宝;欢乐盖大楼;消灭糖果;冰雪奇缘-冰纷乐;消灭星星3;开心捕鱼
4732,手机游戏、手机游戏--游戏助手,4793;3597;10057;115875;7126;18455;8673;5984;12319;107058,口袋梦三国;Max+;GBA模拟器 My Boy!;G家;战网手机令牌;网易游戏;烧饼加速器;王者荣耀掌游宝;随身风暴英雄;守望先锋掌游宝
8829,手机游戏、手机游戏--模拟经营,124158;20699;118924;118296;108327;27689;118416;14246;102954;117351,碧蓝航线;大富翁4Fun-圣诞狂欢;辐射-庇护所;模拟城市-建造;城市岛屿2;刘备磕头;植物保姆;战警-坦克游戏;城市岛屿3-模拟城市;时尚达人
105089,手机游戏、手机游戏--动作游戏,7881;984;3766;7546;3279;3304;100272;2332;15878;3958,跑酷老奶奶;崩坏学园2;亡灵杀手-夏侯;天天格斗;赛尔号-雷神崛起酷跑;天天酷跑3D;异形大战铁血战士-进化(完美版);机战王;天天斗三国;神庙逃亡 魔境仙踪OZ
29318,手机游戏、手机游戏--体育游戏,4465;126302;116666;12351;15068;28451;115882;17278;100162;5249,滑雪大冒险;FIFA足球世界;街头篮球;台球帝国;真实滑板;梦幻足球联盟;台球大师;8球台球;火柴人足球2014;NBA 2K13
10892,手机游戏、手机游戏--休闲游戏,21661;10765;22588;659;32061;12145;18368;7998;6824;2425,捕鱼达人土豪金;糖果大爆炸;会说话的圣诞老人;消灭星星2015;蠢蠢的死法;小鸟爆破;开心糖果消消乐;冲关泡泡龙;全民爱消除;快乐酷宝
659,手机游戏、手机游戏--休闲游戏,5321;20672;21661;10765;22588;32061;10892;12145;18368;7998,果冻消消乐;愤怒的小鸟-春节狂欢;捕鱼达人土豪金;糖果大爆炸;会说话的圣诞老人;蠢蠢的死法;疯狂捕鱼3;小鸟爆破;开心糖果消消乐;冲关泡泡龙
2709,手机游戏、手机游戏--角色扮演,124145;1476;115766;3022;37182;5919;123401;7056;3807;8180,楚留香;火影忍者;阴阳师;梦幻西游;倩女幽魂;问道;天龙八部手游;熹妃传;大话西游;后宫甄执
10905,手机游戏、手机游戏--策略游戏,10479;24307;7766;125837;8409;7068;6538;20435;10646;6485,米拉奇战记;山羊大碰撞;无尽之战;真龙霸业;饭店物语;乱斗西游2;城堡争霸-遗落之境;要塞围城;世界征服者3;坦克风云
6818,手机游戏、手机游戏--策略游戏,4504;6766;100724;7808;5696;4269;10379;10157;8422;12188,自由之战;天天来塔防;丧尸之战;坦克前线-帝国OL;横扫千军;全民主公-巅峰竞技;三国群英传一;小小指挥官2;坦克前线帝国;城堡突袭2
8869,手机游戏、手机游戏--冒险游戏,3215;10094;16065;7212;13640;6503;20658;15909;16389;11206,造梦西游OL;正常的大冒险;地狱边境;滑板少年;忍者突袭;剑与魔法;疯狂的麦咭;失落之城;冰川时代大冒险;勇者大冒险
6824,手机游戏、手机游戏--休闲游戏,32061;10892;12145;18368;7998;2425;8824;5720;5672;6547,蠢蠢的死法;疯狂捕鱼3;小鸟爆破;开心糖果消消乐;冲关泡泡龙;快乐酷宝;水果连连看3;欢乐盖大楼;消灭糖果;冰雪奇缘-冰纷乐
17068,手机游戏、手机游戏--智力游戏,1624;5502;3622;18145;2079;4561;11617;8652;11088;16029,疯狂猜成语;一笔画成;新2048;又一个案子解决了;疯狂猜成语2;答题王;同一个世界;1010!;密室逃亡;你画我猜
8879,手机游戏、手机游戏--跑酷游戏,434;1611;2381;853;24555;8296;100695;1698;4618;8128,天天酷跑;熊出没之熊大快跑;神偷奶爸小黄人快跑;僵尸尖叫;永不言弃!!;猫和老鼠;草莓公主甜心跑酷;酷跑超人-奥特曼;喜羊羊快跑;奔跑吧兄弟
25265,手机游戏、手机游戏--冒险游戏、手机游戏--策略游戏,356;993;115551;115862;1089;1549;15519;125836;124143;4352,王者荣耀;部落冲突;皇室战争;玩吧;保卫萝卜;海岛奇兵;保卫萝卜3;决战！平安京;乱世王者;保卫萝卜-每日一战
8882,手机游戏、手机游戏--策略游戏,10037;9637;18216;108764;11113;5429;14619;25937;8375;29660,小小军团;七雄争霸;王国保卫战-起源;沼泽派对;帝国塔防2;龙骑帝国;战警-大国崛起;混沌与秩序-英雄战歌;陌陌争霸;植物僵尸全明星
4790,手机游戏、手机游戏--模拟经营,5974;2102;19833;11993;118053;2258;6034;115462;7866;101594,梦想城镇;全民农场-欢乐集市;晴天小猫;真实武器模拟器;猫咪后院;开心水族箱;去吧皮卡丘;未上锁的房间-昔日之罪;模拟人生;孤岛求生
4793,手机游戏、手机游戏--游戏助手,4018;478;5486;6119;4924;3597;10057;115875;7126;4732,我的世界助手;叉叉助手;天刀助手;掌上洛克;炉石传说掌游宝;Max+;GBA模拟器 My Boy!;G家;战网手机令牌;旅法师营地
19135,手机游戏、手机游戏--动作游戏,100272;2332;15878;3958;16998;10948;11265;6236;4032;36770,异形大战铁血战士-进化(完美版);机战王;天天斗三国;神庙逃亡 魔境仙踪OZ;现代战争4;神魔2.0;全民奇迹;三国之刃;六龙争霸3D;全民斗战神
6848,手机游戏、手机游戏--赛车游戏,3988;12517;6682;5033;1000001;3555;10245;3876;9960;9004,登山赛车-天朝历险;3D暴力摩托;真实赛车3;猪猪侠百变飞车;3D终极狂飙4;狂野飚车8-极速凌云;暴力摩托;激流快艇2;3D狂野飞车-极速前进;3D狂野飞车
10948,手机游戏、手机游戏--动作游戏,2332;15878;3958;16998;19135;11265;6236;4032;36770;3956,机战王;天天斗三国;神庙逃亡 魔境仙踪OZ;现代战争4;永恒战士2;全民奇迹;三国之刃;六龙争霸3D;全民斗战神;全民无双
19143,手机游戏、手机游戏--飞行游戏,739;1267;105813;4513;24007;5865;15180;16693;5317;4009,全民飞机大战;雷霆战机;炮艇战3d直升机;神武2;模拟极限飞行;青丘狐传说;疯狂喷气机;雷霆X战机2;雷射战机2015;炮艇战-3D直升机(正版)
4807,手机游戏、手机游戏--跑酷游戏,1698;4618;8128;4028;7705;4859;12429;7128;8714;14458,酷跑超人-奥特曼;喜羊羊快跑;奔跑吧兄弟;熊出没2-萌宠炫飞;海绵宝宝大冒险;猪猪侠向前冲;超级玛丽酷跑;天天风之旅;大头儿子大冒险;奔跑吧兄弟-我是车神
6863,手机游戏、手机游戏--射击游戏,14899;10973;6218;8645;4428;119308;101973;9244;6556;9640,魂斗罗进化革命;杀手2-影子阴谋;全民枪神(春节版);狙击行动3D-代号猎鹰;全民枪王;射箭大师 3D;使命召唤-突击队;奇幻射击;杀手之狙击之神;生化危机4
10962,手机游戏、手机游戏--卡牌游戏,2377;104080;10984;10754;7372;119320;103937;7565;9330;10390,炉石传说;少年西游记;秦时明月;我叫MT;傲世西游;究极数码世界;仙剑奇侠传;欢乐西游;全民水浒;乖离性百万阿瑟王
15068,手机游戏、手机游戏--体育游戏,4465;126302;116666;12351;29318;28451;115882;17278;100162;5249,滑雪大冒险;FIFA足球世界;街头篮球;台球帝国;滑雪大冒险中国风;梦幻足球联盟;台球大师;8球台球;火柴人足球2014;NBA 2K13
10973,手机游戏、手机游戏--射击游戏,115650;100478;11730;8073;14899;6218;8645;4428;119308;101973,御龙在天;火线指令- 诺曼底;3D坦克争霸;反恐精英CMSWAT;魂斗罗进化革命;全民枪神(春节版);狙击行动3D-代号猎鹰;全民枪王;射箭大师 3D;使命召唤-突击队
739,手机游戏、手机游戏--飞行游戏,1267;105813;4513;19143;24007;5865;15180;16693;5317;4009,雷霆战机;炮艇战3d直升机;神武2;超决战！奥特曼银河传说;模拟极限飞行;青丘狐传说;疯狂喷气机;雷霆X战机2;雷射战机2015;炮艇战-3D直升机(正版)
10984,手机游戏、手机游戏--卡牌游戏,2377;104080;10754;10962;7372;119320;103937;7565;9330;10390,炉石传说;少年西游记;我叫MT;放开那三国;傲世西游;究极数码世界;仙剑奇侠传;欢乐西游;全民水浒;乖离性百万阿瑟王
15087,手机游戏、手机游戏--休闲游戏,116423;9340;22379;7994;8580;9716;5874;11002;3402;12403,消灭星星(中文版);七彩祖玛2;七彩祖玛;消灭星星5;捕鱼之海底捞;单机消星星;水果泡泡龙;猪猪侠之百变联盟;果汁四溅;单机忍者切水果
8943,手机游戏、手机游戏--棋牌游戏,9046;10003;13143;11185;12824;14214;7229;95423;7516;8321,正宗四川麻将;嘉米麻将;街机麻将合集之龙虎争霸;明星斗地主;军棋翻翻棋;真人麻将;博雅德州扑克;接龙;吉祥长春麻将;金游掼蛋
8953,手机游戏、手机游戏--音乐游戏,1081;4990;7830;116005;115546;7282;6216;5194;10553;14211,节奏大师;完美钢琴;恋舞OL;劲舞团;爱上钢琴Online;天天炫舞;QQ炫舞2;乐动舞指;乐动时代;中国好声音官方手游-全民偶像
115450,手机游戏、手机游戏--棋牌游戏,1453;3539;3309;100486;5342;2160;2272;2025;4695;9356,真人斗地主2;多乐保皇;斗地主;JJ麻将;达人麻将;JJ欢乐斗地主;波克斗地主;小米斗地主;五子棋大师;欢乐五子棋
4859,手机游戏、手机游戏--跑酷游戏,1698;4618;8128;4028;7705;4807;12429;7128;8714;14458,酷跑超人-奥特曼;喜羊羊快跑;奔跑吧兄弟;熊出没2-萌宠炫飞;海绵宝宝大冒险;开心酷跑-圣诞狂欢;超级玛丽酷跑;天天风之旅;大头儿子大冒险;奔跑吧兄弟-我是车神
11002,手机游戏、手机游戏--休闲游戏,7994;8580;15087;9716;5874;3402;12403;10066;2059;100470,消灭星星5;捕鱼之海底捞;3M捕鱼;单机消星星;水果泡泡龙;果汁四溅;单机忍者切水果;决战黄金鲨;俄罗斯方块;坦克1990
6914,手机游戏、手机游戏--游戏助手,5639;115705;17830;12218;17455;15348;2244;102059;2890;5752,找乐助手;腾讯充值;冒泡网游;剑灵掌游宝;完美刀塔助手;我的世界合成表;烧饼修改器;掌上王者荣耀;英雄联盟控;游戏多
115462,手机游戏、手机游戏--模拟经营,11993;118053;4790;2258;6034;7866;101594;3741;25945;9341,真实武器模拟器;猫咪后院;暖暖环游世界;开心水族箱;去吧皮卡丘;模拟人生;孤岛求生;卡通农场;甜甜萌物语;暖暖的换装物语
2827,手机游戏、手机游戏--棋牌游戏,4695;9356;5363;7539;5339;2840;4297;9022;5793;7319,五子棋大师;欢乐五子棋;够级;航海王强者之路;同城游打大A;赢话费斗地主;玩玩四川麻将;快乐飞行棋;蜘蛛纸牌;经典单机麻将
2840,手机游戏、手机游戏--棋牌游戏,9356;5363;7539;5339;2827;4297;9022;5793;7319;3913,欢乐五子棋;够级;航海王强者之路;同城游打大A;天天德州;玩玩四川麻将;快乐飞行棋;蜘蛛纸牌;经典单机麻将;博雅四人斗地主
123676,手机游戏、手机游戏--射击游戏,124140;103754;124139;124105;124101;128299;124113;6476;1096;17229,绝地求生-刺激战场;穿越火线-枪战王者;绝地求生-全军出击;荒野行动;终结者2-审判日;PUBG MOBILE;光荣使命-使命行动;火线精英;全民突击;精英部队
115486,手机游戏、手机游戏--游戏助手,115676;3157;2990;4210;46469;1331;1334;1116;108375;972,游戏蜂窝;小鸡模拟器;逆战助手;梦幻藏宝阁;天天抢礼包;地下城与勇士掌游宝;葫芦侠我的世界;英雄联盟LOL掌游宝;Google Play Games;多玩饭盒
15143,手机游戏、手机游戏--休闲游戏,2559;17620;9458;105957;30245;2630;15955;5271;16766;20639,快乐点点消;捣蛋猪;矿车大逃亡;汤姆猫泡泡射手;几何冲刺;全民泡泡大战;农场英雄传奇;爸爸去哪儿2;切水果消消乐;宝石仙境-天天消宝石
115499,手机游戏、手机游戏--跑酷游戏,100211;115562;434;1611;2381;853;24555;8879;8296;100695,滚动的天空;汤姆猫跑酷;天天酷跑;熊出没之熊大快跑;神偷奶爸小黄人快跑;僵尸尖叫;永不言弃!!;铠甲勇士之英雄传说;猫和老鼠;草莓公主甜心跑酷
9004,手机游戏、手机游戏--赛车游戏,6848;3555;10245;3876;9960;16294;6645;27157;10667;11141,主驾驶;狂野飚车8-极速凌云;暴力摩托;激流快艇2;3D狂野飞车-极速前进;摩托竞技3D;3D终极车神2;极速摩托;北京赛车;3D暴力摩托2
13099,手机游戏、手机游戏--智力游戏,11088;16029;19455;14596;1607;5517;8713;18431;9663;5581,密室逃亡;你画我猜;阿达脑训练;疯狂猜歌;么么答;看图猜成语;鳄鱼小顽皮爱洗澡2;疯狂猜图;最强大脑2;脑力达人-宠物
11051,手机游戏、手机游戏--模拟经营,118296;108327;8829;27689;118416;14246;102954;117351;13615,模拟城市-建造;城市岛屿2;抢车位;刘备磕头;植物保姆;战警-坦克游戏;城市岛屿3-模拟城市;时尚达人;吃货大食堂
817,手机游戏、手机游戏--动作游戏,116078;550;1715;18989;1465;4259;10247;6326;8674;7881,崩坏3;地铁跑酷;天天炫斗;神庙逃亡-勇敢传说;火柴人联盟;暗影格斗2;超凡蜘蛛侠2;火柴人2015;愤怒的老奶奶跑酷;跑酷老奶奶
6963,手机游戏、手机游戏--策略游戏,7068;6538;20435;10646;6485;11870;124158;13506;4504;6766,乱斗西游2;城堡争霸-遗落之境;要塞围城;世界征服者3;坦克风云;燃烧的蔬菜(季节版);碧蓝航线;魔灵召唤- 天空之役;自由之战;天天来塔防
115514,手机游戏、手机游戏--休闲游戏,78;21453;326;255;924;102;5337;513;119793;1767,开心消消乐;迷你世界;天天爱消除;球球大作战;宾果消消乐;PopStar消灭星星;钢琴块2;我的汤姆猫;消消乐海滨假日;QQ游戏
101178,手机游戏、手机游戏--赛车游戏,6645;27157;10667;11141;16709;12253;25505;13315;12914,3D终极车神2;极速摩托;北京赛车;3D暴力摩托2;竞技摩托;3D终极车神;口袋拉力赛;3D霹雳飞车;极品飞车17-最高通缉
4924,手机游戏、手机游戏--游戏助手,3938;4018;478;5486;6119;4793;3597;10057;115875;7126,按键精灵;我的世界助手;叉叉助手;天刀助手;掌上洛克;口袋梦三国;Max+;GBA模拟器 My Boy!;G家;战网手机令牌
9022,手机游戏、手机游戏--棋牌游戏,7539;5339;2827;2840;4297;5793;7319;3913;12579;10533,航海王强者之路;同城游打大A;天天德州;赢话费斗地主;玩玩四川麻将;蜘蛛纸牌;经典单机麻将;博雅四人斗地主;空当接龙;南通长牌
9024,手机游戏、手机游戏--角色扮演,105901;100338;93606;18156;4302;1803;125838;119792;1180;1578,诛仙;御剑情缘;新剑侠情缘;Fate/GO;少年三国志;果宝三国;寻仙手游;龙之谷;龙珠激斗;热血传奇(手机版)
2882,手机游戏、手机游戏--模拟经营,2019;106150;17655;14860;12029;7155;13683;8285;101756;124158,QQ牧场;烹饪发烧友;我的明星女友;怪物的世界;晴天小狗;钓鱼看漂;合战忍者村;开心农场-糖果节;猎鹿人2014;碧蓝航线
2890,手机游戏、手机游戏--游戏助手,5639;115705;17830;12218;17455;6914;15348;2244;102059;5752,找乐助手;腾讯充值;冒泡网游;剑灵掌游宝;完美刀塔助手;奇迹暖暖掌游宝;我的世界合成表;烧饼修改器;掌上王者荣耀;游戏多
15180,手机游戏、手机游戏--飞行游戏,1267;105813;4513;19143;24007;5865;16693;5317;4009;6692,雷霆战机;炮艇战3d直升机;神武2;超决战！奥特曼银河传说;模拟极限飞行;青丘狐传说;雷霆X战机2;雷射战机2015;炮艇战-3D直升机(正版);驯龙战机3D
17229,手机游戏、手机游戏--射击游戏,123676;128299;124113;6476;1096;3551;18660;97876;8231;115650,魂斗罗-归来;PUBG MOBILE;光荣使命-使命行动;火线精英;全民突击;全民枪战;火线指令之诺曼底;弹弹岛2;僵尸前线3D;御龙在天
11088,手机游戏、手机游戏--智力游戏,2079;17068;4561;11617;8652;16029;19455;14596;1607;13099,疯狂猜成语2;单机急转弯游戏;答题王;同一个世界;1010!;你画我猜;阿达脑训练;疯狂猜歌;么么答;疯狂填字
6992,手机游戏、手机游戏--棋牌游戏,1221;8700;4284;13185;3533;11574;11297;101867;9157;6626,二人斗地主;爱掼蛋;我爱斗地主;快乐斗地主;酷酷斗地主;贵阳麻将-抓鸡;挖坑;拖拉机 升级;大连打滚子;精品中国象棋
853,手机游戏、手机游戏--跑酷游戏,115562;115499;434;1611;2381;24555;8879;8296;100695;1698,汤姆猫跑酷;疯狂动物园;天天酷跑;熊出没之熊大快跑;神偷奶爸小黄人快跑;永不言弃!!;铠甲勇士之英雄传说;猫和老鼠;草莓公主甜心跑酷;酷跑超人-奥特曼
9046,手机游戏、手机游戏--棋牌游戏,10435;6081;12798;13173;7030;10003;13143;11185;12824;8943,单机拖拉机升级;围棋宝典;干瞪眼;卡五星;咪咕棋牌;嘉米麻将;街机麻将合集之龙虎争霸;明星斗地主;军棋翻翻棋;保皇
13143,手机游戏、手机游戏--棋牌游戏,12798;13173;7030;9046;10003;11185;12824;8943;14214;7229,干瞪眼;卡五星;咪咕棋牌;正宗四川麻将;嘉米麻将;明星斗地主;军棋翻翻棋;保皇;真人麻将;博雅德州扑克
119641,手机游戏、手机游戏--角色扮演,124154;9156;9856;100272;107943;7257;12588;10460;120246;11265,fate/GrandOrder(命运-冠位指定);天龙八部3D-万代宗师;虚荣;异形大战铁血战士-进化(完美版);天下;This War of Mine;征途;口袋英雄;仙境传说RO;全民奇迹
115546,手机游戏、手机游戏--音乐游戏,1081;4990;7830;8953;116005;7282;6216;5194;10553;14211,节奏大师;完美钢琴;恋舞OL;炫舞小灵通;劲舞团;天天炫舞;QQ炫舞2;乐动舞指;乐动时代;中国好声音官方手游-全民偶像
4958,手机游戏、手机游戏--休闲游戏,2217;6289;10469;5254;5231;105795;8233;9466;5246;120274,史上最难强迫症游戏;愤怒的小鸟2-猴年套装;史上最牛的游戏2;愤怒的小鸟-变形金刚;会说话的狗狗本;泡泡龙亚特兰蒂斯;快乐捕鱼;开心泡泡鼠;切水果2;疯狂贪吃蛇
115551,手机游戏、手机游戏--策略游戏,356;993;115862;25265;1089;1549;15519;125836;124143;4352,王者荣耀;部落冲突;玩吧;英魂之刃;保卫萝卜;海岛奇兵;保卫萝卜3;决战！平安京;乱世王者;保卫萝卜-每日一战
15198,手机游戏、手机游戏--休闲游戏,9466;5246;120274;6107;10649;2559;17620;9458;105957;30245,开心泡泡鼠;切水果2;疯狂贪吃蛇;水果砰砰砰;燃烧的蔬菜2;快乐点点消;捣蛋猪;矿车大逃亡;汤姆猫泡泡射手;几何冲刺
19301,手机游戏、手机游戏--角色扮演,120343;127830;101229;12353;5655;118439;20244;33376;116947;29222,光明大陆-3D魔幻大电影;命运冠位指定;圣斗士星矢-重生;狂斩三国2;斗龙战士3龙印之战;剑侠世界;新仙剑奇侠传;暗黑黎明;大唐无双;MR魔法英雄
11113,手机游戏、手机游戏--策略游戏,12188;10037;9637;18216;108764;8882;5429;14619;25937;8375,城堡突袭2;小小军团;七雄争霸;王国保卫战-起源;沼泽派对;巨炮战队;龙骑帝国;战警-大国崛起;混沌与秩序-英雄战歌;陌陌争霸
101229,手机游戏、手机游戏--角色扮演,9228;13559;119390;120343;127830;12353;5655;19301;118439;20244,艾诺迪亚4;神雕侠侣;大航海之路-雨林探险;光明大陆-3D魔幻大电影;命运冠位指定;狂斩三国2;斗龙战士3龙印之战;倚天屠龙记;剑侠世界;新仙剑奇侠传
13173,手机游戏、手机游戏--棋牌游戏,12101;8099;10435;6081;12798;7030;9046;10003;13143;11185,跑得快;博雅四川棋牌;单机拖拉机升级;围棋宝典;干瞪眼;咪咕棋牌;正宗四川麻将;嘉米麻将;街机麻将合集之龙虎争霸;明星斗地主
7030,手机游戏、手机游戏--棋牌游戏,8099;10435;6081;12798;13173;9046;10003;13143;11185;12824,博雅四川棋牌;单机拖拉机升级;围棋宝典;干瞪眼;卡五星;正宗四川麻将;嘉米麻将;街机麻将合集之龙虎争霸;明星斗地主;军棋翻翻棋
4990,手机游戏、手机游戏--音乐游戏,1081;7830;8953;116005;115546;7282;6216;5194;10553;14211,节奏大师;恋舞OL;炫舞小灵通;劲舞团;爱上钢琴Online;天天炫舞;QQ炫舞2;乐动舞指;乐动时代;中国好声音官方手游-全民偶像
17278,手机游戏、手机游戏--体育游戏,12351;15068;29318;28451;115882;100162;5249;6291;13659;8047,台球帝国;真实滑板;滑雪大冒险中国风;梦幻足球联盟;台球大师;火柴人足球2014;NBA 2K13;滑雪大冒险2;我爱台球;胜利足球
119679,手机游戏、手机游戏--桌面游戏,1787;125841;116804;3617;3589;10058;122336,英雄杀;饭局狼人杀;狼人杀;三国杀;天天富翁;疯狂来往;欢乐狼人杀
13185,手机游戏、手机游戏--棋牌游戏,5460;14417;1221;8700;4284;3533;6992;11574;11297;101867,全民炸翻天;忘忧围棋;二人斗地主;爱掼蛋;我爱斗地主;酷酷斗地主;白金岛跑得快;贵阳麻将-抓鸡;挖坑;拖拉机 升级
115586,手机游戏、手机游戏--赛车游戏,124142;1807;1127;3988;12517;6682;5033;1000001;6848;3555,QQ飞车手游;登山赛车;天天飞车;登山赛车-天朝历险;3D暴力摩托;真实赛车3;猪猪侠百变飞车;3D终极狂飙4;主驾驶;狂野飚车8-极速凌云
125836,手机游戏、手机游戏--策略游戏,115862;25265;1089;1549;15519;124143;4352;7983;120421;7520,玩吧;英魂之刃;保卫萝卜;海岛奇兵;保卫萝卜3;乱世王者;保卫萝卜-每日一战;植物大战僵尸2-宝开;王国纪元;口袋妖怪复刻
125837,手机游戏、手机游戏--策略游戏,104426;11285;10479;24307;7766;8409;10905;7068;6538;20435,梦幻诛仙;红色警报2共和国崛起;米拉奇战记;山羊大碰撞;无尽之战;饭店物语;暴击僵尸;乱斗西游2;城堡争霸-遗落之境;要塞围城
125838,手机游戏、手机游戏--角色扮演,93606;18156;4302;9024;1803;119792;1180;1578;125848;124153,新剑侠情缘;Fate/GO;少年三国志;新大话西游2;果宝三国;龙之谷;龙珠激斗;热血传奇(手机版);永远的7日之都;择天记
7056,手机游戏、手机游戏--角色扮演,3022;37182;2709;5919;123401;3807;8180;12756;105901;100338,梦幻西游;倩女幽魂;时空猎人;问道;天龙八部手游;大话西游;后宫甄执;模拟山羊;诛仙;御剑情缘
125841,手机游戏、手机游戏--桌面游戏,1787;116804;3617;3589;119679;10058;122336,英雄杀;狼人杀;三国杀;天天富翁;狼人杀Online;疯狂来往;欢乐狼人杀
125848,手机游戏、手机游戏--角色扮演,1803;125838;119792;1180;1578;124153;119790;124144;40620;13795,果宝三国;寻仙手游;龙之谷;龙珠激斗;热血传奇(手机版);择天记;镇魔曲;奇迹-觉醒;罪恶都市;漫威-未来之战
924,手机游戏、手机游戏--休闲游戏,78;21453;326;255;115514;102;5337;513;119793;1767,开心消消乐;迷你世界;天天爱消除;球球大作战;贪吃蛇大作战;PopStar消灭星星;钢琴块2;我的汤姆猫;消消乐海滨假日;QQ游戏
7068,手机游戏、手机游戏--策略游戏,24307;7766;125837;8409;10905;6538;20435;10646;6485;6963,山羊大碰撞;无尽之战;真龙霸业;饭店物语;暴击僵尸;城堡争霸-遗落之境;要塞围城;世界征服者3;坦克风云;COK列王的纷争
17307,手机游戏、手机游戏--棋牌游戏,7516;8321;14370;2289;9236;12426;6020;8066;7815,吉祥长春麻将;金游掼蛋;JJ德州扑克;豹子王;土豪炸翻天;疯狂麻将;马上斗地主;QQ麻将;开心三张
25505,手机游戏、手机游戏--赛车游戏,16294;6645;27157;10667;11141;16709;12253;13315;12914;101178,摩托竞技3D;3D终极车神2;极速摩托;北京赛车;3D暴力摩托2;竞技摩托;3D终极车神;3D霹雳飞车;极品飞车17-最高通缉;疯狂出租车-都市狂飙
931,手机游戏、手机游戏--休闲游戏,5337;513;119793;1767;1283;17770;1532;10127;8395;1277,钢琴块2;我的汤姆猫;消消乐海滨假日;QQ游戏;腾讯桌球;消灭星星3-糖果宝贝;QQ农场;红蓝大作战2;一起玩陶艺;会说话的汤姆猫
5033,手机游戏、手机游戏--赛车游戏,115586;1127;3988;12517;6682;1000001;6848;3555;10245;3876,城市飞车-极盗车神;天天飞车;登山赛车-天朝历险;3D暴力摩托;真实赛车3;3D终极狂飙4;主驾驶;狂野飚车8-极速凌云;暴力摩托;激流快艇2
9130,手机游戏、手机游戏--角色扮演,124153;119790;124144;40620;13795;6309;124154;9156;9856;100272,择天记;镇魔曲;奇迹-觉醒;罪恶都市;漫威-未来之战;侠盗猎车手3;fate/GrandOrder(命运-冠位指定);天龙八部3D-万代宗师;虚荣;异形大战铁血战士-进化(完美版)
941,手机游戏、手机游戏--模拟经营,12215;116215;5974;2102;19833;11993;118053;4790;2258;6034,我的安吉拉;梦幻花园;梦想城镇;全民农场-欢乐集市;晴天小猫;真实武器模拟器;猫咪后院;暖暖环游世界;开心水族箱;去吧皮卡丘
2990,手机游戏、手机游戏--游戏助手,974;1568;1867;115676;3157;4210;46469;115486;1331;1334,咪咕游戏;啪啪游戏厅;我的世界联机盒子;游戏蜂窝;小鸡模拟器;梦幻藏宝阁;天天抢礼包;掌上TGP;地下城与勇士掌游宝;葫芦侠我的世界
11185,手机游戏、手机游戏--棋牌游戏,13173;7030;9046;10003;13143;12824;8943;14214;7229;95423,卡五星;咪咕棋牌;正宗四川麻将;嘉米麻将;街机麻将合集之龙虎争霸;军棋翻翻棋;保皇;真人麻将;博雅德州扑克;接龙
115650,手机游戏、手机游戏--射击游戏,17229;3551;18660;97876;8231;100478;11730;8073;14899;10973,精英部队;全民枪战;火线指令之诺曼底;弹弹岛2;僵尸前线3D;火线指令- 诺曼底;3D坦克争霸;反恐精英CMSWAT;魂斗罗进化革命;杀手2-影子阴谋
9156,手机游戏、手机游戏--角色扮演,40620;13795;9130;6309;124154;9856;100272;107943;119641;7257,罪恶都市;漫威-未来之战;花千骨;侠盗猎车手3;fate/GrandOrder(命运-冠位指定);虚荣;异形大战铁血战士-进化(完美版);天下;影之刃2;This War of Mine
115653,手机游戏、手机游戏--游戏助手,396;580;105994;583;1490;556;1952;2587;3131;1274,掌上英雄联盟;葫芦侠;王者荣耀助手;4399游戏盒;掌上穿越火线;多玩我的世界盒子;骑士助手;7723游戏盒;八门神器;网易将军令
5061,手机游戏、手机游戏--街机游戏,2274;20999,拳皇98-终极之战ol;抓玩具
9157,手机游戏、手机游戏--棋牌游戏,3533;6992;11574;11297;101867;6626;8217;102933;5605;9515,酷酷斗地主;白金岛跑得快;贵阳麻将-抓鸡;挖坑;拖拉机 升级;精品中国象棋;五子连珠;皮皮四川麻将;口袋德州扑克;欢乐围棋
11206,手机游戏、手机游戏--冒险游戏,10094;16065;7212;13640;6503;8869;20658;15909;16389,正常的大冒险;地狱边境;滑板少年;忍者突袭;剑与魔法;部落探险;疯狂的麦咭;失落之城;冰川时代大冒险
972,手机游戏、手机游戏--游戏助手,115486;1331;1334;1116;108375;3938;4018;478;5486;6119,掌上TGP;地下城与勇士掌游宝;葫芦侠我的世界;英雄联盟LOL掌游宝;Google Play Games;按键精灵;我的世界助手;叉叉助手;天刀助手;掌上洛克
21453,手机游戏、手机游戏--休闲游戏,78;326;255;115514;924;102;5337;513;119793;1767,开心消消乐;天天爱消除;球球大作战;贪吃蛇大作战;宾果消消乐;PopStar消灭星星;钢琴块2;我的汤姆猫;消消乐海滨假日;QQ游戏
3022,手机游戏、手机游戏--角色扮演,586;124145;1476;115766;37182;2709;5919;123401;7056;3807,我的世界;楚留香;火影忍者;阴阳师;倩女幽魂;时空猎人;问道;天龙八部手游;熹妃传;大话西游
974,手机游戏、手机游戏--游戏助手,1274;584;115709;5647;2261;1568;1867;115676;3157;2990,网易将军令;虫虫助手;360游戏大厅;沃游戏;交易猫;啪啪游戏厅;我的世界联机盒子;游戏蜂窝;小鸡模拟器;逆战助手
11218,手机游戏、手机游戏--休闲游戏,8530;12732;118752;5598;21767;7550;5321;20672;21661;10765,消消乐(官方正版);祖玛传奇;全民千炮捕鱼;全民大消除;涂鸦跳跃;泡泡龙-喵星人来袭;果冻消消乐;愤怒的小鸟-春节狂欢;捕鱼达人土豪金;糖果大爆炸
7126,手机游戏、手机游戏--游戏助手,4924;4793;3597;10057;115875;4732;18455;8673;5984;12319,炉石传说掌游宝;口袋梦三国;Max+;GBA模拟器 My Boy!;G家;旅法师营地;网易游戏;烧饼加速器;王者荣耀掌游宝;随身风暴英雄
984,手机游戏、手机游戏--动作游戏,4259;10247;6326;8674;7881;3766;7546;3279;105089;3304,暗影格斗2;超凡蜘蛛侠2;火柴人2015;愤怒的老奶奶跑酷;跑酷老奶奶;亡灵杀手-夏侯;天天格斗;赛尔号-雷神崛起酷跑;英雄大作战;天天酷跑3D
7128,手机游戏、手机游戏--跑酷游戏,1698;4618;8128;4028;7705;4859;4807;12429;8714;14458,酷跑超人-奥特曼;喜羊羊快跑;奔跑吧兄弟;熊出没2-萌宠炫飞;海绵宝宝大冒险;猪猪侠向前冲;开心酷跑-圣诞狂欢;超级玛丽酷跑;大头儿子大冒险;奔跑吧兄弟-我是车神
29660,手机游戏、手机游戏--策略游戏,18216;108764;11113;8882;5429;14619;25937;8375;10191;12416,王国保卫战-起源;沼泽派对;帝国塔防2;巨炮战队;龙骑帝国;战警-大国崛起;混沌与秩序-英雄战歌;陌陌争霸;战争总动员;潮爆三国
989,手机游戏、手机游戏--棋牌游戏,223;609;335;1455;2549;2343;1016;1333;1076;2571,欢乐斗地主;欢乐麻将;JJ斗地主;QQ欢乐升级;途游斗地主;博雅中国象棋;单机斗地主(开心版);JJ比赛;四川麻将;同城游
115676,手机游戏、手机游戏--游戏助手,5647;2261;974;1568;1867;3157;2990;4210;46469;115486,沃游戏;交易猫;咪咕游戏;啪啪游戏厅;我的世界联机盒子;小鸡模拟器;逆战助手;梦幻藏宝阁;天天抢礼包;掌上TGP
993,手机游戏、手机游戏--策略游戏,356;115551;115862;25265;1089;1549;15519;125836;124143;4352,王者荣耀;皇室战争;玩吧;英魂之刃;保卫萝卜;海岛奇兵;保卫萝卜3;决战！平安京;乱世王者;保卫萝卜-每日一战
119790,手机游戏、手机游戏--角色扮演,119792;1180;1578;125848;124153;124144;40620;13795;9130;6309,龙之谷;龙珠激斗;热血传奇(手机版);永远的7日之都;择天记;奇迹-觉醒;罪恶都市;漫威-未来之战;花千骨;侠盗猎车手3
119792,手机游戏、手机游戏--角色扮演,18156;4302;9024;1803;125838;1180;1578;125848;124153;119790,Fate/GO;少年三国志;新大话西游2;果宝三国;寻仙手游;龙珠激斗;热血传奇(手机版);永远的7日之都;择天记;镇魔曲
119793,手机游戏、手机游戏--休闲游戏,115514;924;102;5337;513;1767;1283;931;17770;1532,贪吃蛇大作战;宾果消消乐;PopStar消灭星星;钢琴块2;我的汤姆猫;QQ游戏;腾讯桌球;PopStar！消灭星星;消灭星星3-糖果宝贝;QQ农场
7155,手机游戏、手机游戏--模拟经营,106150;17655;14860;12029;2882;13683;8285;101756;124158;20699,烹饪发烧友;我的明星女友;怪物的世界;晴天小狗;全民小镇;合战忍者村;开心农场-糖果节;猎鹿人2014;碧蓝航线;大富翁4Fun-圣诞狂欢
15348,手机游戏、手机游戏--游戏助手,5639;115705;17830;12218;17455;6914;2244;102059;2890;5752,找乐助手;腾讯充值;冒泡网游;剑灵掌游宝;完美刀塔助手;奇迹暖暖掌游宝;烧饼修改器;掌上王者荣耀;英雄联盟控;游戏多
5109,手机游戏、手机游戏--休闲游戏,1670;116790;3171;1988;2649;2475;8683;105596;106612;2217,BB弹;捕鱼来了;别踩白块儿;捕鱼达人3;会说话的安吉拉;捕鱼达人2;跳跃忍者;见缝插针;糖果粉碎苏打传奇;史上最难强迫症游戏
1016,手机游戏、手机游戏--棋牌游戏,335;989;1455;2549;2343;1333;1076;2571;1877;1546,JJ斗地主;天天象棋;QQ欢乐升级;途游斗地主;博雅中国象棋;JJ比赛;四川麻将;同城游;单机斗地主-博雅;吉祥棋牌
115705,手机游戏、手机游戏--游戏助手,8673;5984;12319;107058;5639;17830;12218;17455;6914;15348,烧饼加速器;王者荣耀掌游宝;随身风暴英雄;守望先锋掌游宝;找乐助手;冒泡网游;剑灵掌游宝;完美刀塔助手;奇迹暖暖掌游宝;我的世界合成表
15353,手机游戏、手机游戏--动作游戏,3956;17863;6336;5525;33376;3839;31270;13915;10327;14416,全民无双;宫爆-老奶奶家族篇2;果宝特攻;热血奥特超人;暗黑黎明;超级飞侠-飞机跑酷;向量跑酷;天天跑酷;九龙战;横扫西游
115709,手机游戏、手机游戏--游戏助手,1952;2587;3131;1274;584;5647;2261;974;1568;1867,骑士助手;7723游戏盒;八门神器;网易将军令;虫虫助手;沃游戏;交易猫;咪咕游戏;啪啪游戏厅;我的世界联机盒子
19455,手机游戏、手机游戏--智力游戏,4561;11617;8652;11088;16029;14596;1607;13099;5517;8713,答题王;同一个世界;1010!;密室逃亡;你画我猜;疯狂猜歌;么么答;疯狂填字;看图猜成语;鳄鱼小顽皮爱洗澡2
11265,手机游戏、手机游戏--动作游戏、手机游戏--角色扮演,119641;7257;12588;10460;120246;9228;13559;119390;120343;127830,影之刃2;This War of Mine;征途;口袋英雄;仙境传说RO;艾诺迪亚4;神雕侠侣;大航海之路-雨林探险;光明大陆-3D魔幻大电影;命运冠位指定
13315,手机游戏、手机游戏--赛车游戏,16294;6645;27157;10667;11141;16709;12253;25505;12914;101178,摩托竞技3D;3D终极车神2;极速摩托;北京赛车;3D暴力摩托2;竞技摩托;3D终极车神;口袋拉力赛;极品飞车17-最高通缉;疯狂出租车-都市狂飙
11271,手机游戏、手机游戏--策略游戏,7983;120421;7520;6696;12152;100778;1594;104426;11285;10479,植物大战僵尸2-宝开;王国纪元;口袋妖怪复刻;率土之滨;燃烧的蔬菜3;巅峰战舰;全民超神;梦幻诛仙;红色警报2共和国崛起;米拉奇战记
9228,手机游戏、手机游戏--角色扮演,7257;12588;10460;120246;11265;13559;119390;120343;127830;101229,This War of Mine;征途;口袋英雄;仙境传说RO;全民奇迹;神雕侠侣;大航海之路-雨林探险;光明大陆-3D魔幻大电影;命运冠位指定;圣斗士星矢-重生
9236,手机游戏、手机游戏--棋牌游戏,95423;7516;8321;14370;2289;12426;6020;8066;7815;17307,接龙;吉祥长春麻将;金游掼蛋;JJ德州扑克;豹子王;疯狂麻将;马上斗地主;QQ麻将;开心三张;掌心牛牛
11285,手机游戏、手机游戏--策略游戏,12152;11271;100778;1594;104426;10479;24307;7766;125837;8409,燃烧的蔬菜3;功夫熊猫3;巅峰战舰;全民超神;梦幻诛仙;米拉奇战记;山羊大碰撞;无尽之战;真龙霸业;饭店物语
9244,手机游戏、手机游戏--射击游戏,14899;10973;6218;8645;4428;119308;101973;6863;6556;9640,魂斗罗进化革命;杀手2-影子阴谋;全民枪神(春节版);狙击行动3D-代号猎鹰;全民枪王;射箭大师 3D;使命召唤-突击队;熊出没之森林保卫战;杀手之狙击之神;生化危机4
33824,手机游戏、手机游戏--休闲游戏,20639;100552;5725;108629;8019;6752;116423;9340;22379;7994,宝石仙境-天天消宝石;天天打波利;全民连连消;糖果联机;3D桌球;天天街机捕鱼;消灭星星(中文版);七彩祖玛2;七彩祖玛;消灭星星5
11297,手机游戏、手机游戏--棋牌游戏,4284;13185;3533;6992;11574;101867;9157;6626;8217;102933,我爱斗地主;快乐斗地主;酷酷斗地主;白金岛跑得快;贵阳麻将-抓鸡;拖拉机 升级;大连打滚子;精品中国象棋;五子连珠;皮皮四川麻将
5158,手机游戏、手机游戏--休闲游戏,5720;5672;6547;1962;16192;12366;12173;8534;5948,欢乐盖大楼;消灭糖果;冰雪奇缘-冰纷乐;消灭星星3;开心捕鱼;别踩白块儿6;别踩白块儿4;陌陌熊熊消;天天星连萌
27689,手机游戏、手机游戏--模拟经营,20699;118924;118296;108327;8829;118416;14246;102954;117351;13615,大富翁4Fun-圣诞狂欢;辐射-庇护所;模拟城市-建造;城市岛屿2;抢车位;植物保姆;战警-坦克游戏;城市岛屿3-模拟城市;时尚达人;吃货大食堂
7212,手机游戏、手机游戏--冒险游戏,126696;25265;3215;10094;16065;13640;6503;8869;20658;15909,第五人格;英魂之刃;造梦西游OL;正常的大冒险;地狱边境;忍者突袭;剑与魔法;部落探险;疯狂的麦咭;失落之城
17455,手机游戏、手机游戏--游戏助手,107058;5639;115705;17830;12218;6914;15348;2244;102059;2890,守望先锋掌游宝;找乐助手;腾讯充值;冒泡网游;剑灵掌游宝;奇迹暖暖掌游宝;我的世界合成表;烧饼修改器;掌上王者荣耀;英雄联盟控
107571,手机游戏、手机游戏--体育游戏,29318;28451;115882;17278;100162;5249;6291;13659;8047,滑雪大冒险中国风;梦幻足球联盟;台球大师;8球台球;火柴人足球2014;NBA 2K13;滑雪大冒险2;我爱台球;胜利足球
1076,手机游戏、手机游戏--棋牌游戏,1455;2549;2343;1016;1333;2571;1877;1546;1548;1396,QQ欢乐升级;途游斗地主;博雅中国象棋;单机斗地主(开心版);JJ比赛;同城游;单机斗地主-博雅;吉祥棋牌;军棋;波克棋牌
115766,手机游戏、手机游戏--角色扮演,586;124145;1476;3022;37182;2709;5919;123401;7056;3807,我的世界;楚留香;火影忍者;梦幻西游;倩女幽魂;时空猎人;问道;天龙八部手游;熹妃传;大话西游
1081,手机游戏、手机游戏--音乐游戏,4990;7830;8953;116005;115546;7282;6216;5194;10553;14211,完美钢琴;恋舞OL;炫舞小灵通;劲舞团;爱上钢琴Online;天天炫舞;QQ炫舞2;乐动舞指;乐动时代;中国好声音官方手游-全民偶像
3131,手机游戏、手机游戏--游戏助手,115653;1490;556;1952;2587;1274;584;115709;5647;2261,天天游戏中心;掌上穿越火线;多玩我的世界盒子;骑士助手;7723游戏盒;网易将军令;虫虫助手;360游戏大厅;沃游戏;交易猫
7229,手机游戏、手机游戏--棋牌游戏,13143;11185;12824;8943;14214;95423;7516;8321;14370;2289,街机麻将合集之龙虎争霸;明星斗地主;军棋翻翻棋;保皇;真人麻将;接龙;吉祥长春麻将;金游掼蛋;JJ德州扑克;豹子王
1089,手机游戏、手机游戏--策略游戏,356;993;115551;115862;25265;1549;15519;125836;124143;4352,王者荣耀;部落冲突;皇室战争;玩吧;英魂之刃;海岛奇兵;保卫萝卜3;决战！平安京;乱世王者;保卫萝卜-每日一战
1096,手机游戏、手机游戏--射击游戏,124101;123676;128299;124113;6476;17229;3551;18660;97876;8231,终结者2-审判日;魂斗罗-归来;PUBG MOBILE;光荣使命-使命行动;火线精英;精英部队;全民枪战;火线指令之诺曼底;弹弹岛2;僵尸前线3D
5194,手机游戏、手机游戏--音乐游戏,1081;4990;7830;8953;116005;115546;7282;6216;10553;14211,节奏大师;完美钢琴;恋舞OL;炫舞小灵通;劲舞团;爱上钢琴Online;天天炫舞;QQ炫舞2;乐动时代;中国好声音官方手游-全民偶像
3157,手机游戏、手机游戏--游戏助手,2261;974;1568;1867;115676;2990;4210;46469;115486;1331,交易猫;咪咕游戏;啪啪游戏厅;我的世界联机盒子;游戏蜂窝;逆战助手;梦幻藏宝阁;天天抢礼包;掌上TGP;地下城与勇士掌游宝
7257,手机游戏、手机游戏--角色扮演,9156;9856;100272;107943;119641;12588;10460;120246;11265;9228,天龙八部3D-万代宗师;虚荣;异形大战铁血战士-进化(完美版);天下;影之刃2;征途;口袋英雄;仙境传说RO;全民奇迹;艾诺迪亚4
1116,手机游戏、手机游戏--游戏助手,4210;46469;115486;1331;1334;108375;972;3938;4018;478,梦幻藏宝阁;天天抢礼包;掌上TGP;地下城与勇士掌游宝;葫芦侠我的世界;Google Play Games;多玩饭盒;按键精灵;我的世界助手;叉叉助手
3171,手机游戏、手机游戏--休闲游戏,3518;3571;3772;1670;116790;1988;2649;5109;2475;8683,熊出没之疯狂弹射;找你妹2015;多牛百变方块;BB弹;捕鱼来了;捕鱼达人3;会说话的安吉拉;老爸曾是小偷;捕鱼达人2;跳跃忍者
1127,手机游戏、手机游戏--赛车游戏,124142;1807;115586;3988;12517;6682;5033;1000001;6848;3555,QQ飞车手游;登山赛车;城市飞车-极盗车神;登山赛车-天朝历险;3D暴力摩托;真实赛车3;猪猪侠百变飞车;3D终极狂飙4;主驾驶;狂野飚车8-极速凌云
5231,手机游戏、手机游戏--休闲游戏,106612;2217;6289;10469;5254;4958;105795;8233;9466;5246,糖果粉碎苏打传奇;史上最难强迫症游戏;愤怒的小鸟2-猴年套装;史上最牛的游戏2;愤怒的小鸟-变形金刚;找你妹;泡泡龙亚特兰蒂斯;快乐捕鱼;开心泡泡鼠;切水果2
7282,手机游戏、手机游戏--音乐游戏,1081;4990;7830;8953;116005;115546;6216;5194;10553;14211,节奏大师;完美钢琴;恋舞OL;炫舞小灵通;劲舞团;爱上钢琴Online;QQ炫舞2;乐动舞指;乐动时代;中国好声音官方手游-全民偶像
9330,手机游戏、手机游戏--卡牌游戏,10754;10962;7372;119320;103937;7565;10390;5347;13593;4154,我叫MT;放开那三国;傲世西游;究极数码世界;仙剑奇侠传;欢乐西游;乖离性百万阿瑟王;我叫MT2;最强王者;天魔幻想
5235,手机游戏、手机游戏--休闲游戏,3402;12403;10066;2059;100470;104197;120363;5477;8229;8530,果汁四溅;单机忍者切水果;决战黄金鲨;俄罗斯方块;坦克1990;泡泡龙II;泡泡女巫2;消灭星星;消灭水果;消消乐(官方正版)
9341,手机游戏、手机游戏--模拟经营,115462;7866;101594;3741;25945;4339;2019;106150;17655;14860,未上锁的房间-昔日之罪;模拟人生;孤岛求生;卡通农场;甜甜萌物语;开心商店;QQ牧场;烹饪发烧友;我的明星女友;怪物的世界
5246,手机游戏、手机游戏--休闲游戏,5231;4958;105795;8233;9466;120274;6107;10649;15198;2559,会说话的狗狗本;找你妹;泡泡龙亚特兰蒂斯;快乐捕鱼;开心泡泡鼠;疯狂贪吃蛇;水果砰砰砰;燃烧的蔬菜2;开心泡泡龙;快乐点点消
9340,手机游戏、手机游戏--休闲游戏,108629;8019;33824;6752;116423;22379;7994;8580;15087;9716,糖果联机;3D桌球;熊猫泡泡;天天街机捕鱼;消灭星星(中文版);七彩祖玛;消灭星星5;捕鱼之海底捞;3M捕鱼;单机消星星
5249,手机游戏、手机游戏--体育游戏,15068;29318;28451;115882;17278;100162;6291;13659;8047;107571,真实滑板;滑雪大冒险中国风;梦幻足球联盟;台球大师;8球台球;火柴人足球2014;滑雪大冒险2;我爱台球;胜利足球;FIFA 15-终极队伍
5254,手机游戏、手机游戏--休闲游戏,105596;106612;2217;6289;10469;5231;4958;105795;8233;9466,见缝插针;糖果粉碎苏打传奇;史上最难强迫症游戏;愤怒的小鸟2-猴年套装;史上最牛的游戏2;会说话的狗狗本;找你妹;泡泡龙亚特兰蒂斯;快乐捕鱼;开心泡泡鼠
9356,手机游戏、手机游戏--棋牌游戏,115450;2160;2272;2025;4695;5363;7539;5339;2827;2840,闲来麻将;JJ欢乐斗地主;波克斗地主;小米斗地主;五子棋大师;够级;航海王强者之路;同城游打大A;天天德州;赢话费斗地主
3215,手机游戏、手机游戏--冒险游戏,126696;25265;10094;16065;7212;13640;6503;8869;20658;15909,第五人格;英魂之刃;正常的大冒险;地狱边境;滑板少年;忍者突袭;剑与魔法;部落探险;疯狂的麦咭;失落之城
115862,手机游戏、手机游戏--策略游戏,356;993;115551;25265;1089;1549;15519;125836;124143;4352,王者荣耀;部落冲突;皇室战争;英魂之刃;保卫萝卜;海岛奇兵;保卫萝卜3;决战！平安京;乱世王者;保卫萝卜-每日一战
5271,手机游戏、手机游戏--休闲游戏,105957;30245;15143;2630;15955;16766;20639;100552;5725;108629,汤姆猫泡泡射手;几何冲刺;厕所大冒险;全民泡泡大战;农场英雄传奇;切水果消消乐;宝石仙境-天天消宝石;天天打波利;全民连连消;糖果联机
7319,手机游戏、手机游戏--棋牌游戏,2827;2840;4297;9022;5793;3913;12579;10533;4345;5460,天天德州;赢话费斗地主;玩玩四川麻将;快乐飞行棋;蜘蛛纸牌;博雅四人斗地主;空当接龙;南通长牌;欢乐大赢家;全民炸翻天
1180,手机游戏、手机游戏--角色扮演,4302;9024;1803;125838;119792;1578;125848;124153;119790;124144,少年三国志;新大话西游2;果宝三国;寻仙手游;龙之谷;热血传奇(手机版);永远的7日之都;择天记;镇魔曲;奇迹-觉醒
21661,手机游戏、手机游戏--休闲游戏,21767;11218;7550;5321;20672;10765;22588;659;32061;10892,涂鸦跳跃;找你妹2;泡泡龙-喵星人来袭;果冻消消乐;愤怒的小鸟-春节狂欢;糖果大爆炸;会说话的圣诞老人;消灭星星2015;蠢蠢的死法;疯狂捕鱼3
15519,手机游戏、手机游戏--策略游戏,115551;115862;25265;1089;1549;125836;124143;4352;7983;120421,皇室战争;玩吧;英魂之刃;保卫萝卜;海岛奇兵;决战！平安京;乱世王者;保卫萝卜-每日一战;植物大战僵尸2-宝开;王国纪元
115875,手机游戏、手机游戏--游戏助手,6119;4924;4793;3597;10057;7126;4732;18455;8673;5984,掌上洛克;炉石传说掌游宝;口袋梦三国;Max+;GBA模拟器 My Boy!;战网手机令牌;旅法师营地;网易游戏;烧饼加速器;王者荣耀掌游宝
115882,手机游戏、手机游戏--体育游戏,116666;12351;15068;29318;28451;17278;100162;5249;6291;13659,街头篮球;台球帝国;真实滑板;滑雪大冒险中国风;梦幻足球联盟;8球台球;火柴人足球2014;NBA 2K13;滑雪大冒险2;我爱台球
95423,手机游戏、手机游戏--棋牌游戏,11185;12824;8943;14214;7229;7516;8321;14370;2289;9236,明星斗地主;军棋翻翻棋;保皇;真人麻将;博雅德州扑克;吉祥长春麻将;金游掼蛋;JJ德州扑克;豹子王;土豪炸翻天
13506,手机游戏、手机游戏--策略游戏,10646;6485;6963;11870;124158;4504;6766;100724;7808;5696,世界征服者3;坦克风云;COK列王的纷争;燃烧的蔬菜(季节版);碧蓝航线;自由之战;天天来塔防;丧尸之战;坦克前线-帝国OL;横扫千军
1221,手机游戏、手机游戏--棋牌游戏,12579;10533;4345;5460;14417;8700;4284;13185;3533;6992,空当接龙;南通长牌;欢乐大赢家;全民炸翻天;忘忧围棋;爱掼蛋;我爱斗地主;快乐斗地主;酷酷斗地主;白金岛跑得快
5317,手机游戏、手机游戏--飞行游戏,1267;105813;4513;19143;24007;5865;15180;16693;4009;6692,雷霆战机;炮艇战3d直升机;神武2;超决战！奥特曼银河传说;模拟极限飞行;青丘狐传说;疯狂喷气机;雷霆X战机2;炮艇战-3D直升机(正版);驯龙战机3D
124101,手机游戏、手机游戏--射击游戏,124140;103754;124139;124105;123676;128299;124113;6476;1096;17229,绝地求生-刺激战场;穿越火线-枪战王者;绝地求生-全军出击;荒野行动;魂斗罗-归来;PUBG MOBILE;光荣使命-使命行动;火线精英;全民突击;精英部队
5321,手机游戏、手机游戏--休闲游戏,118752;5598;21767;11218;7550;20672;21661;10765;22588;659,全民千炮捕鱼;全民大消除;涂鸦跳跃;找你妹2;泡泡龙-喵星人来袭;愤怒的小鸟-春节狂欢;捕鱼达人土豪金;糖果大爆炸;会说话的圣诞老人;消灭星星2015
124105,手机游戏、手机游戏--射击游戏,124140;103754;124139;124101;123676;128299;124113;6476;1096;17229,绝地求生-刺激战场;穿越火线-枪战王者;绝地求生-全军出击;终结者2-审判日;魂斗罗-归来;PUBG MOBILE;光荣使命-使命行动;火线精英;全民突击;精英部队
7372,手机游戏、手机游戏--卡牌游戏,2377;104080;10984;10754;10962;119320;103937;7565;9330;10390,炉石传说;少年西游记;秦时明月;我叫MT;放开那三国;究极数码世界;仙剑奇侠传;欢乐西游;全民水浒;乖离性百万阿瑟王
3279,手机游戏、手机游戏--动作游戏,8674;7881;984;3766;7546;105089;3304;100272;2332;15878,愤怒的老奶奶跑酷;跑酷老奶奶;崩坏学园2;亡灵杀手-夏侯;天天格斗;英雄大作战;天天酷跑3D;异形大战铁血战士-进化(完美版);机战王;天天斗三国
124113,手机游戏、手机游戏--射击游戏,124139;124105;124101;123676;128299;6476;1096;17229;3551;18660,绝地求生-全军出击;荒野行动;终结者2-审判日;魂斗罗-归来;PUBG MOBILE;火线精英;全民突击;精英部队;全民枪战;火线指令之诺曼底
17620,手机游戏、手机游戏--休闲游戏,120274;6107;10649;15198;2559;9458;105957;30245;15143;2630,疯狂贪吃蛇;水果砰砰砰;燃烧的蔬菜2;开心泡泡龙;快乐点点消;矿车大逃亡;汤姆猫泡泡射手;几何冲刺;厕所大冒险;全民泡泡大战
5337,手机游戏、手机游戏--休闲游戏,326;255;115514;924;102;513;119793;1767;1283;931,天天爱消除;球球大作战;贪吃蛇大作战;宾果消消乐;PopStar消灭星星;我的汤姆猫;消消乐海滨假日;QQ游戏;腾讯桌球;PopStar！消灭星星
101594,手机游戏、手机游戏--模拟经营,4790;2258;6034;115462;7866;3741;25945;9341;4339;2019,暖暖环游世界;开心水族箱;去吧皮卡丘;未上锁的房间-昔日之罪;模拟人生;卡通农场;甜甜萌物语;暖暖的换装物语;开心商店;QQ牧场
5339,手机游戏、手机游戏--棋牌游戏,2025;4695;9356;5363;7539;2827;2840;4297;9022;5793,小米斗地主;五子棋大师;欢乐五子棋;够级;航海王强者之路;天天德州;赢话费斗地主;玩玩四川麻将;快乐飞行棋;蜘蛛纸牌
5342,手机游戏、手机游戏--棋牌游戏,4703;1453;3539;3309;100486;115450;2160;2272;2025;4695,掼蛋;真人斗地主2;多乐保皇;斗地主;JJ麻将;闲来麻将;JJ欢乐斗地主;波克斗地主;小米斗地主;五子棋大师
5347,手机游戏、手机游戏--卡牌游戏,10754;10962;7372;119320;103937;7565;9330;10390;13593;4154,我叫MT;放开那三国;傲世西游;究极数码世界;仙剑奇侠传;欢乐西游;全民水浒;乖离性百万阿瑟王;最强王者;天魔幻想
3304,手机游戏、手机游戏--动作游戏,984;3766;7546;3279;105089;100272;2332;15878;3958;16998,崩坏学园2;亡灵杀手-夏侯;天天格斗;赛尔号-雷神崛起酷跑;英雄大作战;异形大战铁血战士-进化(完美版);机战王;天天斗三国;神庙逃亡 魔境仙踪OZ;现代战争4
124139,手机游戏、手机游戏--射击游戏,124140;103754;124105;124101;123676;128299;124113;6476;1096;17229,绝地求生-刺激战场;穿越火线-枪战王者;荒野行动;终结者2-审判日;魂斗罗-归来;PUBG MOBILE;光荣使命-使命行动;火线精英;全民突击;精英部队
124140,手机游戏、手机游戏--射击游戏,103754;124139;124105;124101;123676;128299;124113;6476;1096;17229,穿越火线-枪战王者;绝地求生-全军出击;荒野行动;终结者2-审判日;魂斗罗-归来;PUBG MOBILE;光荣使命-使命行动;火线精英;全民突击;精英部队
3309,手机游戏、手机游戏--棋牌游戏,1396;2026;4703;1453;3539;100486;5342;115450;2160;2272,波克棋牌;QQ斗地主;掼蛋;真人斗地主2;多乐保皇;JJ麻将;达人麻将;闲来麻将;JJ欢乐斗地主;波克斗地主
124142,手机游戏、手机游戏--赛车游戏,1807;115586;1127;3988;12517;6682;5033;1000001;6848;3555,登山赛车;城市飞车-极盗车神;天天飞车;登山赛车-天朝历险;3D暴力摩托;真实赛车3;猪猪侠百变飞车;3D终极狂飙4;主驾驶;狂野飚车8-极速凌云
124143,手机游戏、手机游戏--策略游戏,25265;1089;1549;15519;125836;4352;7983;120421;7520;6696,英魂之刃;保卫萝卜;海岛奇兵;保卫萝卜3;决战！平安京;保卫萝卜-每日一战;植物大战僵尸2-宝开;王国纪元;口袋妖怪复刻;率土之滨
124144,手机游戏、手机游戏--角色扮演,1180;1578;125848;124153;119790;40620;13795;9130;6309;124154,龙珠激斗;热血传奇(手机版);永远的7日之都;择天记;镇魔曲;罪恶都市;漫威-未来之战;花千骨;侠盗猎车手3;fate/GrandOrder(命运-冠位指定)
124145,手机游戏、手机游戏--角色扮演,586;1476;115766;3022;37182;2709;5919;123401;7056;3807,我的世界;火影忍者;阴阳师;梦幻西游;倩女幽魂;时空猎人;问道;天龙八部手游;熹妃传;大话西游
9458,手机游戏、手机游戏--休闲游戏,6107;10649;15198;2559;17620;105957;30245;15143;2630;15955,水果砰砰砰;燃烧的蔬菜2;开心泡泡龙;快乐点点消;捣蛋猪;汤姆猫泡泡射手;几何冲刺;厕所大冒险;全民泡泡大战;农场英雄传奇
1267,手机游戏、手机游戏--飞行游戏,739;105813;4513;19143;24007;5865;15180;16693;5317;4009,全民飞机大战;炮艇战3d直升机;神武2;超决战！奥特曼银河传说;模拟极限飞行;青丘狐传说;疯狂喷气机;雷霆X战机2;雷射战机2015;炮艇战-3D直升机(正版)
5363,手机游戏、手机游戏--棋牌游戏,2160;2272;2025;4695;9356;7539;5339;2827;2840;4297,JJ欢乐斗地主;波克斗地主;小米斗地主;五子棋大师;欢乐五子棋;航海王强者之路;同城游打大A;天天德州;赢话费斗地主;玩玩四川麻将
17655,手机游戏、手机游戏--模拟经营,25945;9341;4339;2019;106150;14860;12029;2882;7155;13683,甜甜萌物语;暖暖的换装物语;开心商店;QQ牧场;烹饪发烧友;怪物的世界;晴天小狗;全民小镇;钓鱼看漂;合战忍者村
13559,手机游戏、手机游戏--角色扮演,12588;10460;120246;11265;9228;119390;120343;127830;101229;12353,征途;口袋英雄;仙境传说RO;全民奇迹;艾诺迪亚4;大航海之路-雨林探险;光明大陆-3D魔幻大电影;命运冠位指定;圣斗士星矢-重生;狂斩三国2
124153,手机游戏、手机游戏--角色扮演,125838;119792;1180;1578;125848;119790;124144;40620;13795;9130,寻仙手游;龙之谷;龙珠激斗;热血传奇(手机版);永远的7日之都;镇魔曲;奇迹-觉醒;罪恶都市;漫威-未来之战;花千骨
1274,手机游戏、手机游戏--游戏助手,1490;556;1952;2587;3131;584;115709;5647;2261;974,掌上穿越火线;多玩我的世界盒子;骑士助手;7723游戏盒;八门神器;虫虫助手;360游戏大厅;沃游戏;交易猫;咪咕游戏
9466,手机游戏、手机游戏--休闲游戏,5254;5231;4958;105795;8233;5246;120274;6107;10649;15198,愤怒的小鸟-变形金刚;会说话的狗狗本;找你妹;泡泡龙亚特兰蒂斯;快乐捕鱼;切水果2;疯狂贪吃蛇;水果砰砰砰;燃烧的蔬菜2;开心泡泡龙
1277,手机游戏、手机游戏--休闲游戏,931;17770;1532;10127;8395;100795;6161;3518;3571;3772,PopStar！消灭星星;消灭星星3-糖果宝贝;QQ农场;红蓝大作战2;一起玩陶艺;水果忍者;全民钓鱼;熊出没之疯狂弹射;找你妹2015;多牛百变方块
1283,手机游戏、手机游戏--休闲游戏,102;5337;513;119793;1767;931;17770;1532;10127;8395,PopStar消灭星星;钢琴块2;我的汤姆猫;消消乐海滨假日;QQ游戏;PopStar！消灭星星;消灭星星3-糖果宝贝;QQ农场;红蓝大作战2;一起玩陶艺
21767,手机游戏、手机游戏--休闲游戏,8229;8530;12732;118752;5598;11218;7550;5321;20672;21661,消灭水果;消消乐(官方正版);祖玛传奇;全民千炮捕鱼;全民大消除;找你妹2;泡泡龙-喵星人来袭;果冻消消乐;愤怒的小鸟-春节狂欢;捕鱼达人土豪金
115982,手机游戏、手机游戏--角色扮演,101229;12353;5655;19301;118439;20244;33376;116947;29222,圣斗士星矢-重生;狂斩三国2;斗龙战士3龙印之战;倚天屠龙记;剑侠世界;新仙剑奇侠传;暗黑黎明;大唐无双;MR魔法英雄
13593,手机游戏、手机游戏--卡牌游戏,10754;10962;7372;119320;103937;7565;9330;10390;5347;4154,我叫MT;放开那三国;傲世西游;究极数码世界;仙剑奇侠传;欢乐西游;全民水浒;乖离性百万阿瑟王;我叫MT2;天魔幻想
116005,手机游戏、手机游戏--音乐游戏,1081;4990;7830;8953;115546;7282;6216;5194;10553;14211,节奏大师;完美钢琴;恋舞OL;炫舞小灵通;爱上钢琴Online;天天炫舞;QQ炫舞2;乐动舞指;乐动时代;中国好声音官方手游-全民偶像
118053,手机游戏、手机游戏--模拟经营,116215;5974;2102;19833;11993;4790;2258;6034;115462;7866,梦幻花园;梦想城镇;全民农场-欢乐集市;晴天小猫;真实武器模拟器;暖暖环游世界;开心水族箱;去吧皮卡丘;未上锁的房间-昔日之罪;模拟人生
9515,手机游戏、手机游戏--棋牌游戏,9157;6626;8217;102933;5605;20253;12101;8099;10435;6081,大连打滚子;精品中国象棋;五子连珠;皮皮四川麻将;口袋德州扑克;国际象棋;跑得快;博雅四川棋牌;单机拖拉机升级;围棋宝典
13615,手机游戏、手机游戏--模拟经营,118924;118296;108327;8829;27689;118416;14246;102954;117351;11051,辐射-庇护所;模拟城市-建造;城市岛屿2;抢车位;刘备磕头;植物保姆;战警-坦克游戏;城市岛屿3-模拟城市;时尚达人;料理妈妈
1331,手机游戏、手机游戏--游戏助手,3157;2990;4210;46469;115486;1334;1116;108375;972;3938,小鸡模拟器;逆战助手;梦幻藏宝阁;天天抢礼包;掌上TGP;葫芦侠我的世界;英雄联盟LOL掌游宝;Google Play Games;多玩饭盒;按键精灵
1333,手机游戏、手机游戏--棋牌游戏,989;1455;2549;2343;1016;1076;2571;1877;1546;1548,天天象棋;QQ欢乐升级;途游斗地主;博雅中国象棋;单机斗地主(开心版);四川麻将;同城游;单机斗地主-博雅;吉祥棋牌;军棋
1334,手机游戏、手机游戏--游戏助手,2990;4210;46469;115486;1331;1116;108375;972;3938;4018,逆战助手;梦幻藏宝阁;天天抢礼包;掌上TGP;地下城与勇士掌游宝;英雄联盟LOL掌游宝;Google Play Games;多玩饭盒;按键精灵;我的世界助手
5429,手机游戏、手机游戏--策略游戏,9637;18216;108764;11113;8882;14619;25937;8375;29660;10191,七雄争霸;王国保卫战-起源;沼泽派对;帝国塔防2;巨炮战队;战警-大国崛起;混沌与秩序-英雄战歌;陌陌争霸;植物僵尸全明星;战争总动员
11574,手机游戏、手机游戏--棋牌游戏,8700;4284;13185;3533;6992;11297;101867;9157;6626;8217,爱掼蛋;我爱斗地主;快乐斗地主;酷酷斗地主;白金岛跑得快;挖坑;拖拉机 升级;大连打滚子;精品中国象棋;五子连珠
32061,手机游戏、手机游戏--休闲游戏,20672;21661;10765;22588;659;10892;12145;18368;7998;6824,愤怒的小鸟-春节狂欢;捕鱼达人土豪金;糖果大爆炸;会说话的圣诞老人;消灭星星2015;疯狂捕鱼3;小鸟爆破;开心糖果消消乐;冲关泡泡龙;全民爱消除
15679,手机游戏、手机游戏--棋牌游戏,,
105795,手机游戏、手机游戏--休闲游戏,6289;10469;5254;5231;4958;8233;9466;5246;120274;6107,愤怒的小鸟2-猴年套装;史上最牛的游戏2;愤怒的小鸟-变形金刚;会说话的狗狗本;找你妹;快乐捕鱼;开心泡泡鼠;切水果2;疯狂贪吃蛇;水果砰砰砰
13640,手机游戏、手机游戏--冒险游戏,25265;3215;10094;16065;7212;6503;8869;20658;15909;16389,英魂之刃;造梦西游OL;正常的大冒险;地狱边境;滑板少年;剑与魔法;部落探险;疯狂的麦咭;失落之城;冰川时代大冒险
103754,手机游戏、手机游戏--射击游戏,124140;124139;124105;124101;123676;128299;124113;6476;1096;17229,绝地求生-刺激战场;绝地求生-全军出击;荒野行动;终结者2-审判日;魂斗罗-归来;PUBG MOBILE;光荣使命-使命行动;火线精英;全民突击;精英部队
3402,手机游戏、手机游戏--休闲游戏,8580;15087;9716;5874;11002;12403;10066;2059;100470;5235,捕鱼之海底捞;3M捕鱼;单机消星星;水果泡泡龙;猪猪侠之百变联盟;单机忍者切水果;决战黄金鲨;俄罗斯方块;坦克1990;猪猪侠爱消除
25937,手机游戏、手机游戏--策略游戏,18216;108764;11113;8882;5429;14619;8375;29660;10191;12416,王国保卫战-起源;沼泽派对;帝国塔防2;巨炮战队;龙骑帝国;战警-大国崛起;陌陌争霸;植物僵尸全明星;战争总动员;潮爆三国
5460,手机游戏、手机游戏--棋牌游戏,7319;3913;12579;10533;4345;14417;1221;8700;4284;13185,经典单机麻将;博雅四人斗地主;空当接龙;南通长牌;欢乐大赢家;忘忧围棋;二人斗地主;爱掼蛋;我爱斗地主;快乐斗地主
105813,手机游戏、手机游戏--飞行游戏,739;1267;4513;19143;24007;5865;15180;16693;5317;4009,全民飞机大战;雷霆战机;神武2;超决战！奥特曼银河传说;模拟极限飞行;青丘狐传说;疯狂喷气机;雷霆X战机2;雷射战机2015;炮艇战-3D直升机(正版)
25945,手机游戏、手机游戏--模拟经营,6034;115462;7866;101594;3741;9341;4339;2019;106150;17655,去吧皮卡丘;未上锁的房间-昔日之罪;模拟人生;孤岛求生;卡通农场;暖暖的换装物语;开心商店;QQ牧场;烹饪发烧友;我的明星女友
13659,手机游戏、手机游戏--体育游戏,15068;29318;28451;115882;17278;100162;5249;6291;8047;107571,真实滑板;滑雪大冒险中国风;梦幻足球联盟;台球大师;8球台球;火柴人足球2014;NBA 2K13;滑雪大冒险2;胜利足球;FIFA 15-终极队伍
7516,手机游戏、手机游戏--棋牌游戏,12824;8943;14214;7229;95423;8321;14370;2289;9236;12426,军棋翻翻棋;保皇;真人麻将;博雅德州扑克;接龙;金游掼蛋;JJ德州扑克;豹子王;土豪炸翻天;疯狂麻将
7520,手机游戏、手机游戏--策略游戏,125836;124143;4352;7983;120421;6696;12152;11271;100778;1594,决战！平安京;乱世王者;保卫萝卜-每日一战;植物大战僵尸2-宝开;王国纪元;率土之滨;燃烧的蔬菜3;功夫熊猫3;巅峰战舰;全民超神
11617,手机游戏、手机游戏--智力游戏,3622;18145;2079;17068;4561;8652;11088;16029;19455;14596,新2048;又一个案子解决了;疯狂猜成语2;单机急转弯游戏;答题王;1010!;密室逃亡;你画我猜;阿达脑训练;疯狂猜歌
5477,手机游戏、手机游戏--休闲游戏,2059;100470;5235;104197;120363;8229;8530;12732;118752;5598,俄罗斯方块;坦克1990;猪猪侠爱消除;泡泡龙II;泡泡女巫2;消灭水果;消消乐(官方正版);祖玛传奇;全民千炮捕鱼;全民大消除
17770,手机游戏、手机游戏--休闲游戏,513;119793;1767;1283;931;1532;10127;8395;1277;100795,我的汤姆猫;消消乐海滨假日;QQ游戏;腾讯桌球;PopStar！消灭星星;QQ农场;红蓝大作战2;一起玩陶艺;会说话的汤姆猫;水果忍者
116078,手机游戏、手机游戏--动作游戏,817;550;1715;18989;1465;4259;10247;6326;8674;7881,神庙逃亡2;地铁跑酷;天天炫斗;神庙逃亡-勇敢传说;火柴人联盟;暗影格斗2;超凡蜘蛛侠2;火柴人2015;愤怒的老奶奶跑酷;跑酷老奶奶
5486,手机游戏、手机游戏--游戏助手,108375;972;3938;4018;478;6119;4924;4793;3597;10057,Google Play Games;多玩饭盒;按键精灵;我的世界助手;叉叉助手;掌上洛克;炉石传说掌游宝;口袋梦三国;Max+;GBA模拟器 My Boy!
7539,手机游戏、手机游戏--棋牌游戏,2272;2025;4695;9356;5363;5339;2827;2840;4297;9022,波克斗地主;小米斗地主;五子棋大师;欢乐五子棋;够级;同城游打大A;天天德州;赢话费斗地主;玩玩四川麻将;快乐飞行棋
1396,手机游戏、手机游戏--棋牌游戏,1076;2571;1877;1546;1548;2026;4703;1453;3539;3309,四川麻将;同城游;单机斗地主-博雅;吉祥棋牌;军棋;QQ斗地主;掼蛋;真人斗地主2;多乐保皇;斗地主
13683,手机游戏、手机游戏--模拟经营,17655;14860;12029;2882;7155;8285;101756;124158;20699;118924,我的明星女友;怪物的世界;晴天小狗;全民小镇;钓鱼看漂;开心农场-糖果节;猎鹿人2014;碧蓝航线;大富翁4Fun-圣诞狂欢;辐射-庇护所
19833,手机游戏、手机游戏--模拟经营,12215;941;116215;5974;2102;11993;118053;4790;2258;6034,我的安吉拉;奇迹暖暖;梦幻花园;梦想城镇;全民农场-欢乐集市;真实武器模拟器;猫咪后院;暖暖环游世界;开心水族箱;去吧皮卡丘
7546,手机游戏、手机游戏--动作游戏,6326;8674;7881;984;3766;3279;105089;3304;100272;2332,火柴人2015;愤怒的老奶奶跑酷;跑酷老奶奶;崩坏学园2;亡灵杀手-夏侯;赛尔号-雷神崛起酷跑;英雄大作战;天天酷跑3D;异形大战铁血战士-进化(完美版);机战王
101756,手机游戏、手机游戏--模拟经营,12029;2882;7155;13683;8285;124158;20699;118924;118296;108327,晴天小狗;全民小镇;钓鱼看漂;合战忍者村;开心农场-糖果节;碧蓝航线;大富翁4Fun-圣诞狂欢;辐射-庇护所;模拟城市-建造;城市岛屿2
5502,手机游戏、手机游戏--智力游戏,6508;3854;2319;1624;3622;18145;2079;17068;4561;11617,割绳子2;纪念碑谷;鳄鱼小顽皮爱洗澡;疯狂猜成语;新2048;又一个案子解决了;疯狂猜成语2;单机急转弯游戏;答题王;同一个世界
7550,手机游戏、手机游戏--休闲游戏,12732;118752;5598;21767;11218;5321;20672;21661;10765;22588,祖玛传奇;全民千炮捕鱼;全民大消除;涂鸦跳跃;找你妹2;果冻消消乐;愤怒的小鸟-春节狂欢;捕鱼达人土豪金;糖果大爆炸;会说话的圣诞老人
46469,手机游戏、手机游戏--游戏助手,1867;115676;3157;2990;4210;115486;1331;1334;1116;108375,我的世界联机盒子;游戏蜂窝;小鸡模拟器;逆战助手;梦幻藏宝阁;掌上TGP;地下城与勇士掌游宝;葫芦侠我的世界;英雄联盟LOL掌游宝;Google Play Games
5517,手机游戏、手机游戏--智力游戏,11088;16029;19455;14596;1607;13099;8713;18431;9663;5581,密室逃亡;你画我猜;阿达脑训练;疯狂猜歌;么么答;疯狂填字;鳄鱼小顽皮爱洗澡2;疯狂猜图;最强大脑2;脑力达人-宠物
7565,手机游戏、手机游戏--卡牌游戏,10754;10962;7372;119320;103937;9330;10390;5347;13593;4154,我叫MT;放开那三国;傲世西游;究极数码世界;仙剑奇侠传;全民水浒;乖离性百万阿瑟王;我叫MT2;最强王者;天魔幻想
5525,手机游戏、手机游戏--动作游戏,4032;36770;3956;17863;6336;33376;3839;15353;31270;13915,六龙争霸3D;全民斗战神;全民无双;宫爆-老奶奶家族篇2;果宝特攻;暗黑黎明;超级飞侠-飞机跑酷;无尽之剑命运;向量跑酷;天天跑酷
9637,手机游戏、手机游戏--策略游戏,10379;10157;8422;12188;10037;18216;108764;11113;8882;5429,三国群英传一;小小指挥官2;坦克前线帝国;城堡突袭2;小小军团;王国保卫战-起源;沼泽派对;帝国塔防2;巨炮战队;龙骑帝国
93606,手机游戏、手机游戏--角色扮演,3807;8180;12756;105901;100338;18156;4302;9024;1803;125838,大话西游;后宫甄执;模拟山羊;诛仙;御剑情缘;Fate/GO;少年三国志;新大话西游2;果宝三国;寻仙手游
107943,手机游戏、手机游戏--角色扮演,6309;124154;9156;9856;100272;119641;7257;12588;10460;120246,侠盗猎车手3;fate/GrandOrder(命运-冠位指定);天龙八部3D-万代宗师;虚荣;异形大战铁血战士-进化(完美版);影之刃2;This War of Mine;征途;口袋英雄;仙境传说RO
17830,手机游戏、手机游戏--游戏助手,5984;12319;107058;5639;115705;12218;17455;6914;15348;2244,王者荣耀掌游宝;随身风暴英雄;守望先锋掌游宝;找乐助手;腾讯充值;剑灵掌游宝;完美刀塔助手;奇迹暖暖掌游宝;我的世界合成表;烧饼修改器
9640,手机游戏、手机游戏--射击游戏,10973;6218;8645;4428;119308;101973;6863;9244;6556,杀手2-影子阴谋;全民枪神(春节版);狙击行动3D-代号猎鹰;全民枪王;射箭大师 3D;使命召唤-突击队;熊出没之森林保卫战;奇幻射击;杀手之狙击之神
105901,手机游戏、手机游戏--角色扮演,123401;7056;3807;8180;12756;100338;93606;18156;4302;9024,天龙八部手游;熹妃传;大话西游;后宫甄执;模拟山羊;御剑情缘;新剑侠情缘;Fate/GO;少年三国志;新大话西游2
1453,手机游戏、手机游戏--棋牌游戏,1546;1548;1396;2026;4703;3539;3309;100486;5342;115450,吉祥棋牌;军棋;波克棋牌;QQ斗地主;掼蛋;多乐保皇;斗地主;JJ麻将;达人麻将;闲来麻将
1455,手机游戏、手机游戏--棋牌游戏,223;609;335;989;2549;2343;1016;1333;1076;2571,欢乐斗地主;欢乐麻将;JJ斗地主;天天象棋;途游斗地主;博雅中国象棋;单机斗地主(开心版);JJ比赛;四川麻将;同城游
120246,手机游戏、手机游戏--角色扮演,107943;119641;7257;12588;10460;11265;9228;13559;119390;120343,天下;影之刃2;This War of Mine;征途;口袋英雄;全民奇迹;艾诺迪亚4;神雕侠侣;大航海之路-雨林探险;光明大陆-3D魔幻大电影
1465,手机游戏、手机游戏--动作游戏,817;116078;550;1715;18989;4259;10247;6326;8674;7881,神庙逃亡2;崩坏3;地铁跑酷;天天炫斗;神庙逃亡-勇敢传说;暗影格斗2;超凡蜘蛛侠2;火柴人2015;愤怒的老奶奶跑酷;跑酷老奶奶
3518,手机游戏、手机游戏--休闲游戏,10127;8395;1277;100795;6161;3571;3772;1670;116790;3171,红蓝大作战2;一起玩陶艺;会说话的汤姆猫;水果忍者;全民钓鱼;找你妹2015;多牛百变方块;BB弹;捕鱼来了;别踩白块儿
9663,手机游戏、手机游戏--智力游戏,11088;16029;19455;14596;1607;13099;5517;8713;18431;5581,密室逃亡;你画我猜;阿达脑训练;疯狂猜歌;么么答;疯狂填字;看图猜成语;鳄鱼小顽皮爱洗澡2;疯狂猜图;脑力达人-宠物
1476,手机游戏、手机游戏--角色扮演,586;124145;115766;3022;37182;2709;5919;123401;7056;3807,我的世界;楚留香;阴阳师;梦幻西游;倩女幽魂;时空猎人;问道;天龙八部手游;熹妃传;大话西游
17863,手机游戏、手机游戏--动作游戏,11265;6236;4032;36770;3956;6336;5525;33376;3839;15353,全民奇迹;三国之刃;六龙争霸3D;全民斗战神;全民无双;果宝特攻;热血奥特超人;暗黑黎明;超级飞侠-飞机跑酷;无尽之剑命运
24007,手机游戏、手机游戏--飞行游戏,739;1267;105813;4513;19143;5865;15180;16693;5317;4009,全民飞机大战;雷霆战机;炮艇战3d直升机;神武2;超决战！奥特曼银河传说;青丘狐传说;疯狂喷气机;雷霆X战机2;雷射战机2015;炮艇战-3D直升机(正版)
3533,手机游戏、手机游戏--棋牌游戏,14417;1221;8700;4284;13185;6992;11574;11297;101867;9157,忘忧围棋;二人斗地主;爱掼蛋;我爱斗地主;快乐斗地主;白金岛跑得快;贵阳麻将-抓鸡;挖坑;拖拉机 升级;大连打滚子
5581,手机游戏、手机游戏--智力游戏,16029;19455;14596;1607;13099;5517;8713;18431;9663,你画我猜;阿达脑训练;疯狂猜歌;么么答;疯狂填字;看图猜成语;鳄鱼小顽皮爱洗澡2;疯狂猜图;最强大脑2
1490,手机游戏、手机游戏--游戏助手,396;580;105994;583;115653;556;1952;2587;3131;1274,掌上英雄联盟;葫芦侠;王者荣耀助手;4399游戏盒;天天游戏中心;多玩我的世界盒子;骑士助手;7723游戏盒;八门神器;网易将军令
120274,手机游戏、手机游戏--休闲游戏,4958;105795;8233;9466;5246;6107;10649;15198;2559;17620,找你妹;泡泡龙亚特兰蒂斯;快乐捕鱼;开心泡泡鼠;切水果2;水果砰砰砰;燃烧的蔬菜2;开心泡泡龙;快乐点点消;捣蛋猪
3539,手机游戏、手机游戏--棋牌游戏,1548;1396;2026;4703;1453;3309;100486;5342;115450;2160,军棋;波克棋牌;QQ斗地主;掼蛋;真人斗地主2;斗地主;JJ麻将;达人麻将;闲来麻将;JJ欢乐斗地主
11730,手机游戏、手机游戏--射击游戏,18660;97876;8231;115650;100478;8073;14899;10973;6218;8645,火线指令之诺曼底;弹弹岛2;僵尸前线3D;御龙在天;火线指令- 诺曼底;反恐精英CMSWAT;魂斗罗进化革命;杀手2-影子阴谋;全民枪神(春节版);狙击行动3D-代号猎鹰
5598,手机游戏、手机游戏--休闲游戏,5477;8229;8530;12732;118752;21767;11218;7550;5321;20672,消灭星星;消灭水果;消消乐(官方正版);祖玛传奇;全民千炮捕鱼;涂鸦跳跃;找你妹2;泡泡龙-喵星人来袭;果冻消消乐;愤怒的小鸟-春节狂欢
3551,手机游戏、手机游戏--射击游戏,128299;124113;6476;1096;17229;18660;97876;8231;115650;100478,PUBG MOBILE;光荣使命-使命行动;火线精英;全民突击;精英部队;火线指令之诺曼底;弹弹岛2;僵尸前线3D;御龙在天;火线指令- 诺曼底
122336,手机游戏、手机游戏--桌面游戏,1787;125841;116804;3617;3589;119679;10058,英雄杀;饭局狼人杀;狼人杀;三国杀;天天富翁;狼人杀Online;疯狂来往
3555,手机游戏、手机游戏--赛车游戏,12517;6682;5033;1000001;6848;10245;3876;9960;9004;16294,3D暴力摩托;真实赛车3;猪猪侠百变飞车;3D终极狂飙4;主驾驶;暴力摩托;激流快艇2;3D狂野飞车-极速前进;3D狂野飞车;摩托竞技3D
13795,手机游戏、手机游戏--角色扮演,125848;124153;119790;124144;40620;9130;6309;124154;9156;9856,永远的7日之都;择天记;镇魔曲;奇迹-觉醒;罪恶都市;花千骨;侠盗猎车手3;fate/GrandOrder(命运-冠位指定);天龙八部3D-万代宗师;虚荣
105957,手机游戏、手机游戏--休闲游戏,10649;15198;2559;17620;9458;30245;15143;2630;15955;5271,燃烧的蔬菜2;开心泡泡龙;快乐点点消;捣蛋猪;矿车大逃亡;几何冲刺;厕所大冒险;全民泡泡大战;农场英雄传奇;爸爸去哪儿2
5605,手机游戏、手机游戏--棋牌游戏,101867;9157;6626;8217;102933;9515;20253;12101;8099;10435,拖拉机 升级;大连打滚子;精品中国象棋;五子连珠;皮皮四川麻将;欢乐围棋;国际象棋;跑得快;博雅四川棋牌;单机拖拉机升级
101867,手机游戏、手机游戏--棋牌游戏,13185;3533;6992;11574;11297;9157;6626;8217;102933;5605,快乐斗地主;酷酷斗地主;白金岛跑得快;贵阳麻将-抓鸡;挖坑;大连打滚子;精品中国象棋;五子连珠;皮皮四川麻将;口袋德州扑克
3571,手机游戏、手机游戏--休闲游戏,8395;1277;100795;6161;3518;3772;1670;116790;3171;1988,一起玩陶艺;会说话的汤姆猫;水果忍者;全民钓鱼;熊出没之疯狂弹射;多牛百变方块;BB弹;捕鱼来了;别踩白块儿;捕鱼达人3
9716,手机游戏、手机游戏--休闲游戏,9340;22379;7994;8580;15087;5874;11002;3402;12403;10066,七彩祖玛2;七彩祖玛;消灭星星5;捕鱼之海底捞;3M捕鱼;水果泡泡龙;猪猪侠之百变联盟;果汁四溅;单机忍者切水果;决战黄金鲨
116215,手机游戏、手机游戏--模拟经营,12215;941;5974;2102;19833;11993;118053;4790;2258;6034,我的安吉拉;奇迹暖暖;梦想城镇;全民农场-欢乐集市;晴天小猫;真实武器模拟器;猫咪后院;暖暖环游世界;开心水族箱;去吧皮卡丘
1532,手机游戏、手机游戏--休闲游戏,119793;1767;1283;931;17770;10127;8395;1277;100795;6161,消消乐海滨假日;QQ游戏;腾讯桌球;PopStar！消灭星星;消灭星星3-糖果宝贝;红蓝大作战2;一起玩陶艺;会说话的汤姆猫;水果忍者;全民钓鱼
103937,手机游戏、手机游戏--卡牌游戏,10984;10754;10962;7372;119320;7565;9330;10390;5347;13593,秦时明月;我叫MT;放开那三国;傲世西游;究极数码世界;欢乐西游;全民水浒;乖离性百万阿瑟王;我叫MT2;最强王者
3589,手机游戏、手机游戏--桌面游戏,1787;125841;116804;3617;119679;10058;122336,英雄杀;饭局狼人杀;狼人杀;三国杀;狼人杀Online;疯狂来往;欢乐狼人杀
15878,手机游戏、手机游戏--动作游戏,3279;105089;3304;100272;2332;3958;16998;19135;10948;11265,赛尔号-雷神崛起酷跑;英雄大作战;天天酷跑3D;异形大战铁血战士-进化(完美版);机战王;神庙逃亡 魔境仙踪OZ;现代战争4;永恒战士2;神魔2.0;全民奇迹
5639,手机游戏、手机游戏--游戏助手,18455;8673;5984;12319;107058;115705;17830;12218;17455;6914,网易游戏;烧饼加速器;王者荣耀掌游宝;随身风暴英雄;守望先锋掌游宝;腾讯充值;冒泡网游;剑灵掌游宝;完美刀塔助手;奇迹暖暖掌游宝
105994,手机游戏、手机游戏--游戏助手,396;580;583;115653;1490;556;1952;2587;3131;1274,掌上英雄联盟;葫芦侠;4399游戏盒;天天游戏中心;掌上穿越火线;多玩我的世界盒子;骑士助手;7723游戏盒;八门神器;网易将军令
1546,手机游戏、手机游戏--棋牌游戏,1016;1333;1076;2571;1877;1548;1396;2026;4703;1453,单机斗地主(开心版);JJ比赛;四川麻将;同城游;单机斗地主-博雅;军棋;波克棋牌;QQ斗地主;掼蛋;真人斗地主2
1548,手机游戏、手机游戏--棋牌游戏,1333;1076;2571;1877;1546;1396;2026;4703;1453;3539,JJ比赛;四川麻将;同城游;单机斗地主-博雅;吉祥棋牌;波克棋牌;QQ斗地主;掼蛋;真人斗地主2;多乐保皇
1549,手机游戏、手机游戏--策略游戏,993;115551;115862;25265;1089;15519;125836;124143;4352;7983,部落冲突;皇室战争;玩吧;英魂之刃;保卫萝卜;保卫萝卜3;决战！平安京;乱世王者;保卫萝卜-每日一战;植物大战僵尸2-宝开
3597,手机游戏、手机游戏--游戏助手,478;5486;6119;4924;4793;10057;115875;7126;4732;18455,叉叉助手;天刀助手;掌上洛克;炉石传说掌游宝;口袋梦三国;GBA模拟器 My Boy!;G家;战网手机令牌;旅法师营地;网易游戏
5647,手机游戏、手机游戏--游戏助手,2587;3131;1274;584;115709;2261;974;1568;1867;115676,7723游戏盒;八门神器;网易将军令;虫虫助手;360游戏大厅;交易猫;咪咕游戏;啪啪游戏厅;我的世界联机盒子;游戏蜂窝
5655,手机游戏、手机游戏--角色扮演,119390;120343;127830;101229;12353;19301;118439;20244;33376;116947,大航海之路-雨林探险;光明大陆-3D魔幻大电影;命运冠位指定;圣斗士星矢-重生;狂斩三国2;倚天屠龙记;剑侠世界;新仙剑奇侠传;暗黑黎明;大唐无双
118296,手机游戏、手机游戏--模拟经营,8285;101756;124158;20699;118924;108327;8829;27689;118416;14246,开心农场-糖果节;猎鹿人2014;碧蓝航线;大富翁4Fun-圣诞狂欢;辐射-庇护所;城市岛屿2;抢车位;刘备磕头;植物保姆;战警-坦克游戏
7705,手机游戏、手机游戏--跑酷游戏,100695;1698;4618;8128;4028;4859;4807;12429;7128;8714,草莓公主甜心跑酷;酷跑超人-奥特曼;喜羊羊快跑;奔跑吧兄弟;熊出没2-萌宠炫飞;猪猪侠向前冲;开心酷跑-圣诞狂欢;超级玛丽酷跑;天天风之旅;大头儿子大冒险
120343,手机游戏、手机游戏--角色扮演,120246;11265;9228;13559;119390;127830;101229;12353;5655;19301,仙境传说RO;全民奇迹;艾诺迪亚4;神雕侠侣;大航海之路-雨林探险;命运冠位指定;圣斗士星矢-重生;狂斩三国2;斗龙战士3龙印之战;倚天屠龙记
1568,手机游戏、手机游戏--游戏助手,584;115709;5647;2261;974;1867;115676;3157;2990;4210,虫虫助手;360游戏大厅;沃游戏;交易猫;咪咕游戏;我的世界联机盒子;游戏蜂窝;小鸡模拟器;逆战助手;梦幻藏宝阁
3617,手机游戏、手机游戏--桌面游戏,1787;125841;116804;3589;119679;10058;122336,英雄杀;饭局狼人杀;狼人杀;天天富翁;狼人杀Online;疯狂来往;欢乐狼人杀
30245,手机游戏、手机游戏--休闲游戏,15198;2559;17620;9458;105957;15143;2630;15955;5271;16766,开心泡泡龙;快乐点点消;捣蛋猪;矿车大逃亡;汤姆猫泡泡射手;厕所大冒险;全民泡泡大战;农场英雄传奇;爸爸去哪儿2;切水果消消乐
3622,手机游戏、手机游戏--智力游戏,6508;3854;2319;1624;5502;18145;2079;17068;4561;11617,割绳子2;纪念碑谷;鳄鱼小顽皮爱洗澡;疯狂猜成语;一笔画成;又一个案子解决了;疯狂猜成语2;单机急转弯游戏;答题王;同一个世界
15909,手机游戏、手机游戏--冒险游戏,3215;10094;16065;7212;13640;6503;8869;20658;16389;11206,造梦西游OL;正常的大冒险;地狱边境;滑板少年;忍者突袭;剑与魔法;部落探险;疯狂的麦咭;冰川时代大冒险;勇者大冒险
5672,手机游戏、手机游戏--休闲游戏,7998;6824;2425;8824;5720;6547;1962;16192;12366;12173,冲关泡泡龙;全民爱消除;快乐酷宝;水果连连看3;欢乐盖大楼;冰雪奇缘-冰纷乐;消灭星星3;开心捕鱼;别踩白块儿6;别踩白块儿4
1578,手机游戏、手机游戏--角色扮演,9024;1803;125838;119792;1180;125848;124153;119790;124144;40620,新大话西游2;果宝三国;寻仙手游;龙之谷;龙珠激斗;永远的7日之都;择天记;镇魔曲;奇迹-觉醒;罪恶都市
120363,手机游戏、手机游戏--休闲游戏,10066;2059;100470;5235;104197;5477;8229;8530;12732;118752,决战黄金鲨;俄罗斯方块;坦克1990;猪猪侠爱消除;泡泡龙II;消灭星星;消灭水果;消消乐(官方正版);祖玛传奇;全民千炮捕鱼
1594,手机游戏、手机游戏--策略游戏,7520;6696;12152;11271;100778;104426;11285;10479;24307;7766,口袋妖怪复刻;率土之滨;燃烧的蔬菜3;功夫熊猫3;巅峰战舰;梦幻诛仙;红色警报2共和国崛起;米拉奇战记;山羊大碰撞;无尽之战
5696,手机游戏、手机游戏--策略游戏,13506;4504;6766;100724;7808;6818;4269;10379;10157;8422,魔灵召唤- 天空之役;自由之战;天天来塔防;丧尸之战;坦克前线-帝国OL;战舰帝国-舰队对战;全民主公-巅峰竞技;三国群英传一;小小指挥官2;坦克前线帝国
1607,手机游戏、手机游戏--智力游戏,8652;11088;16029;19455;14596;13099;5517;8713;18431;9663,1010!;密室逃亡;你画我猜;阿达脑训练;疯狂猜歌;疯狂填字;看图猜成语;鳄鱼小顽皮爱洗澡2;疯狂猜图;最强大脑2
1611,手机游戏、手机游戏--跑酷游戏,100211;115562;115499;434;2381;853;24555;8879;8296;100695,滚动的天空;汤姆猫跑酷;疯狂动物园;天天酷跑;神偷奶爸小黄人快跑;僵尸尖叫;永不言弃!!;铠甲勇士之英雄传说;猫和老鼠;草莓公主甜心跑酷
15955,手机游戏、手机游戏--休闲游戏,9458;105957;30245;15143;2630;5271;16766;20639;100552;5725,矿车大逃亡;汤姆猫泡泡射手;几何冲刺;厕所大冒险;全民泡泡大战;爸爸去哪儿2;切水果消消乐;宝石仙境-天天消宝石;天天打波利;全民连连消
97876,手机游戏、手机游戏--射击游戏,6476;1096;17229;3551;18660;8231;115650;100478;11730;8073,火线精英;全民突击;精英部队;全民枪战;火线指令之诺曼底;僵尸前线3D;御龙在天;火线指令- 诺曼底;3D坦克争霸;反恐精英CMSWAT
101973,手机游戏、手机游戏--射击游戏,14899;10973;6218;8645;4428;119308;6863;9244;6556;9640,魂斗罗进化革命;杀手2-影子阴谋;全民枪神(春节版);狙击行动3D-代号猎鹰;全民枪王;射箭大师 3D;熊出没之森林保卫战;奇幻射击;杀手之狙击之神;生化危机4
7766,手机游戏、手机游戏--策略游戏,1594;104426;11285;10479;24307;125837;8409;10905;7068;6538,全民超神;梦幻诛仙;红色警报2共和国崛起;米拉奇战记;山羊大碰撞;真龙霸业;饭店物语;暴击僵尸;乱斗西游2;城堡争霸-遗落之境
1624,手机游戏、手机游戏--智力游戏,6508;3854;2319;5502;3622;18145;2079;17068;4561;11617,割绳子2;纪念碑谷;鳄鱼小顽皮爱洗澡;一笔画成;新2048;又一个案子解决了;疯狂猜成语2;单机急转弯游戏;答题王;同一个世界
5720,手机游戏、手机游戏--休闲游戏,18368;7998;6824;2425;8824;5672;6547;1962;16192;12366,开心糖果消消乐;冲关泡泡龙;全民爱消除;快乐酷宝;水果连连看3;消灭糖果;冰雪奇缘-冰纷乐;消灭星星3;开心捕鱼;别踩白块儿6
13915,手机游戏、手机游戏--动作游戏,3956;17863;6336;5525;33376;3839;15353;31270;10327;14416,全民无双;宫爆-老奶奶家族篇2;果宝特攻;热血奥特超人;暗黑黎明;超级飞侠-飞机跑酷;无尽之剑命运;向量跑酷;九龙战;横扫西游
5725,手机游戏、手机游戏--休闲游戏,15955;5271;16766;20639;100552;108629;8019;33824;6752;116423,农场英雄传奇;爸爸去哪儿2;切水果消消乐;宝石仙境-天天消宝石;天天打波利;糖果联机;3D桌球;熊猫泡泡;天天街机捕鱼;消灭星星(中文版)
11870,手机游戏、手机游戏--策略游戏,6538;20435;10646;6485;6963;124158;13506;4504;6766;100724,城堡争霸-遗落之境;要塞围城;世界征服者3;坦克风云;COK列王的纷争;碧蓝航线;魔灵召唤- 天空之役;自由之战;天天来塔防;丧尸之战
5752,手机游戏、手机游戏--游戏助手,115705;17830;12218;17455;6914;15348;2244;102059;2890,腾讯充值;冒泡网游;剑灵掌游宝;完美刀塔助手;奇迹暖暖掌游宝;我的世界合成表;烧饼修改器;掌上王者荣耀;英雄联盟控
7808,手机游戏、手机游戏--策略游戏,124158;13506;4504;6766;100724;5696;6818;4269;10379;10157,碧蓝航线;魔灵召唤- 天空之役;自由之战;天天来塔防;丧尸之战;横扫千军;战舰帝国-舰队对战;全民主公-巅峰竞技;三国群英传一;小小指挥官2
9856,手机游戏、手机游戏--角色扮演,13795;9130;6309;124154;9156;100272;107943;119641;7257;12588,漫威-未来之战;花千骨;侠盗猎车手3;fate/GrandOrder(命运-冠位指定);天龙八部3D-万代宗师;异形大战铁血战士-进化(完美版);天下;影之刃2;This War of Mine;征途
1670,手机游戏、手机游戏--休闲游戏,100795;6161;3518;3571;3772;116790;3171;1988;2649;5109,水果忍者;全民钓鱼;熊出没之疯狂弹射;找你妹2015;多牛百变方块;捕鱼来了;别踩白块儿;捕鱼达人3;会说话的安吉拉;老爸曾是小偷
7815,手机游戏、手机游戏--棋牌游戏,95423;7516;8321;14370;2289;9236;12426;6020;8066;17307,接龙;吉祥长春麻将;金游掼蛋;JJ德州扑克;豹子王;土豪炸翻天;疯狂麻将;马上斗地主;QQ麻将;掌心牛牛
104080,手机游戏、手机游戏--卡牌游戏,2377;10984;10754;10962;7372;119320;103937;7565;9330;10390,炉石传说;秦时明月;我叫MT;放开那三国;傲世西游;究极数码世界;仙剑奇侠传;欢乐西游;全民水浒;乖离性百万阿瑟王
118416,手机游戏、手机游戏--模拟经营,118924;118296;108327;8829;27689;14246;102954;117351;13615;11051,辐射-庇护所;模拟城市-建造;城市岛屿2;抢车位;刘备磕头;战警-坦克游戏;城市岛屿3-模拟城市;时尚达人;吃货大食堂;料理妈妈
7830,手机游戏、手机游戏--音乐游戏,1081;4990;8953;116005;115546;7282;6216;5194;10553;14211,节奏大师;完美钢琴;炫舞小灵通;劲舞团;爱上钢琴Online;天天炫舞;QQ炫舞2;乐动舞指;乐动时代;中国好声音官方手游-全民偶像
3741,手机游戏、手机游戏--模拟经营,2258;6034;115462;7866;101594;25945;9341;4339;2019;106150,开心水族箱;去吧皮卡丘;未上锁的房间-昔日之罪;模拟人生;孤岛求生;甜甜萌物语;暖暖的换装物语;开心商店;QQ牧场;烹饪发烧友
16029,手机游戏、手机游戏--智力游戏,17068;4561;11617;8652;11088;19455;14596;1607;13099;5517,单机急转弯游戏;答题王;同一个世界;1010!;密室逃亡;阿达脑训练;疯狂猜歌;么么答;疯狂填字;看图猜成语
5793,手机游戏、手机游戏--棋牌游戏,5339;2827;2840;4297;9022;7319;3913;12579;10533;4345,同城游打大A;天天德州;赢话费斗地主;玩玩四川麻将;快乐飞行棋;经典单机麻将;博雅四人斗地主;空当接龙;南通长牌;欢乐大赢家
1698,手机游戏、手机游戏--跑酷游戏,853;24555;8879;8296;100695;4618;8128;4028;7705;4859,僵尸尖叫;永不言弃!!;铠甲勇士之英雄传说;猫和老鼠;草莓公主甜心跑酷;喜羊羊快跑;奔跑吧兄弟;熊出没2-萌宠炫飞;海绵宝宝大冒险;猪猪侠向前冲
106150,手机游戏、手机游戏--模拟经营,3741;25945;9341;4339;2019;17655;14860;12029;2882;7155,卡通农场;甜甜萌物语;暖暖的换装物语;开心商店;QQ牧场;我的明星女友;怪物的世界;晴天小狗;全民小镇;钓鱼看漂
118439,手机游戏、手机游戏--角色扮演,127830;101229;12353;5655;19301;20244;33376;116947;29222;115982,命运冠位指定;圣斗士星矢-重生;狂斩三国2;斗龙战士3龙印之战;倚天屠龙记;新仙剑奇侠传;暗黑黎明;大唐无双;MR魔法英雄;黎明之光
102059,手机游戏、手机游戏--游戏助手,5639;115705;17830;12218;17455;6914;15348;2244;2890;5752,找乐助手;腾讯充值;冒泡网游;剑灵掌游宝;完美刀塔助手;奇迹暖暖掌游宝;我的世界合成表;烧饼修改器;英雄联盟控;游戏多
40620,手机游戏、手机游戏--角色扮演,1578;125848;124153;119790;124144;13795;9130;6309;124154;9156,热血传奇(手机版);永远的7日之都;择天记;镇魔曲;奇迹-觉醒;漫威-未来之战;花千骨;侠盗猎车手3;fate/GrandOrder(命运-冠位指定);天龙八部3D-万代宗师
1715,手机游戏、手机游戏--动作游戏,817;116078;550;18989;1465;4259;10247;6326;8674;7881,神庙逃亡2;崩坏3;地铁跑酷;神庙逃亡-勇敢传说;火柴人联盟;暗影格斗2;超凡蜘蛛侠2;火柴人2015;愤怒的老奶奶跑酷;跑酷老奶奶
3766,手机游戏、手机游戏--动作游戏,10247;6326;8674;7881;984;7546;3279;105089;3304;100272,超凡蜘蛛侠2;火柴人2015;愤怒的老奶奶跑酷;跑酷老奶奶;崩坏学园2;天天格斗;赛尔号-雷神崛起酷跑;英雄大作战;天天酷跑3D;异形大战铁血战士-进化(完美版)
7866,手机游戏、手机游戏--模拟经营,118053;4790;2258;6034;115462;101594;3741;25945;9341;4339,猫咪后院;暖暖环游世界;开心水族箱;去吧皮卡丘;未上锁的房间-昔日之罪;孤岛求生;卡通农场;甜甜萌物语;暖暖的换装物语;开心商店
3772,手机游戏、手机游戏--休闲游戏,1277;100795;6161;3518;3571;1670;116790;3171;1988;2649,会说话的汤姆猫;水果忍者;全民钓鱼;熊出没之疯狂弹射;找你妹2015;BB弹;捕鱼来了;别踩白块儿;捕鱼达人3;会说话的安吉拉
16065,手机游戏、手机游戏--冒险游戏,126696;25265;3215;10094;7212;13640;6503;8869;20658;15909,第五人格;英魂之刃;造梦西游OL;正常的大冒险;滑板少年;忍者突袭;剑与魔法;部落探险;疯狂的麦咭;失落之城
116423,手机游戏、手机游戏--休闲游戏,5725;108629;8019;33824;6752;9340;22379;7994;8580;15087,全民连连消;糖果联机;3D桌球;熊猫泡泡;天天街机捕鱼;七彩祖玛2;七彩祖玛;消灭星星5;捕鱼之海底捞;3M捕鱼
7881,手机游戏、手机游戏--动作游戏,1465;4259;10247;6326;8674;984;3766;7546;3279;105089,火柴人联盟;暗影格斗2;超凡蜘蛛侠2;火柴人2015;愤怒的老奶奶跑酷;崩坏学园2;亡灵杀手-夏侯;天天格斗;赛尔号-雷神崛起酷跑;英雄大作战
11993,手机游戏、手机游戏--模拟经营,941;116215;5974;2102;19833;118053;4790;2258;6034;115462,奇迹暖暖;梦幻花园;梦想城镇;全民农场-欢乐集市;晴天小猫;猫咪后院;暖暖环游世界;开心水族箱;去吧皮卡丘;未上锁的房间-昔日之罪
3807,手机游戏、手机游戏--角色扮演,37182;2709;5919;123401;7056;8180;12756;105901;100338;93606,倩女幽魂;时空猎人;问道;天龙八部手游;熹妃传;后宫甄执;模拟山羊;诛仙;御剑情缘;新剑侠情缘
18145,手机游戏、手机游戏--智力游戏,3854;2319;1624;5502;3622;2079;17068;4561;11617;8652,纪念碑谷;鳄鱼小顽皮爱洗澡;疯狂猜成语;一笔画成;新2048;疯狂猜成语2;单机急转弯游戏;答题王;同一个世界;1010!
1767,手机游戏、手机游戏--休闲游戏,924;102;5337;513;119793;1283;931;17770;1532;10127,宾果消消乐;PopStar消灭星星;钢琴块2;我的汤姆猫;消消乐海滨假日;腾讯桌球;PopStar！消灭星星;消灭星星3-糖果宝贝;QQ农场;红蓝大作战2
9960,手机游戏、手机游戏--赛车游戏,1000001;6848;3555;10245;3876;9004;16294;6645;27157;10667,3D终极狂飙4;主驾驶;狂野飚车8-极速凌云;暴力摩托;激流快艇2;3D狂野飞车;摩托竞技3D;3D终极车神2;极速摩托;北京赛车
5865,手机游戏、手机游戏--飞行游戏,1267;105813;4513;19143;24007;15180;16693;5317;4009;6692,雷霆战机;炮艇战3d直升机;神武2;超决战！奥特曼银河传说;模拟极限飞行;疯狂喷气机;雷霆X战机2;雷射战机2015;炮艇战-3D直升机(正版);驯龙战机3D
18156,手机游戏、手机游戏--角色扮演,8180;12756;105901;100338;93606;4302;9024;1803;125838;119792,后宫甄执;模拟山羊;诛仙;御剑情缘;新剑侠情缘;少年三国志;新大话西游2;果宝三国;寻仙手游;龙之谷
5874,手机游戏、手机游戏--休闲游戏,22379;7994;8580;15087;9716;11002;3402;12403;10066;2059,七彩祖玛;消灭星星5;捕鱼之海底捞;3M捕鱼;单机消星星;猪猪侠之百变联盟;果汁四溅;单机忍者切水果;决战黄金鲨;俄罗斯方块
24307,手机游戏、手机游戏--策略游戏,100778;1594;104426;11285;10479;7766;125837;8409;10905;7068,巅峰战舰;全民超神;梦幻诛仙;红色警报2共和国崛起;米拉奇战记;无尽之战;真龙霸业;饭店物语;暴击僵尸;乱斗西游2
1787,手机游戏、手机游戏--桌面游戏,125841;116804;3617;3589;119679;10058;122336,饭局狼人杀;狼人杀;三国杀;天天富翁;狼人杀Online;疯狂来往;欢乐狼人杀
12029,手机游戏、手机游戏--模拟经营,4339;2019;106150;17655;14860;2882;7155;13683;8285;101756,开心商店;QQ牧场;烹饪发烧友;我的明星女友;怪物的世界;全民小镇;钓鱼看漂;合战忍者村;开心农场-糖果节;猎鹿人2014
3839,手机游戏、手机游戏--动作游戏,3956;17863;6336;5525;33376;15353;31270;13915;10327;14416,全民无双;宫爆-老奶奶家族篇2;果宝特攻;热血奥特超人;暗黑黎明;无尽之剑命运;向量跑酷;天天跑酷;九龙战;横扫西游
104197,手机游戏、手机游戏--休闲游戏,12403;10066;2059;100470;5235;120363;5477;8229;8530;12732,单机忍者切水果;决战黄金鲨;俄罗斯方块;坦克1990;猪猪侠爱消除;泡泡女巫2;消灭星星;消灭水果;消消乐(官方正版);祖玛传奇
1803,手机游戏、手机游戏--角色扮演,100338;93606;18156;4302;9024;125838;119792;1180;1578;125848,御剑情缘;新剑侠情缘;Fate/GO;少年三国志;新大话西游2;寻仙手游;龙之谷;龙珠激斗;热血传奇(手机版);永远的7日之都
3854,手机游戏、手机游戏--智力游戏,6508;2319;1624;5502;3622;18145;2079;17068;4561;11617,割绳子2;鳄鱼小顽皮爱洗澡;疯狂猜成语;一笔画成;新2048;又一个案子解决了;疯狂猜成语2;单机急转弯游戏;答题王;同一个世界
1807,手机游戏、手机游戏--赛车游戏,124142;115586;1127;3988;12517;6682;5033;1000001;6848;3555,QQ飞车手游;城市飞车-极盗车神;天天飞车;登山赛车-天朝历险;3D暴力摩托;真实赛车3;猪猪侠百变飞车;3D终极狂飙4;主驾驶;狂野飚车8-极速凌云
10003,手机游戏、手机游戏--棋牌游戏,6081;12798;13173;7030;9046;13143;11185;12824;8943;14214,围棋宝典;干瞪眼;卡五星;咪咕棋牌;正宗四川麻将;街机麻将合集之龙虎争霸;明星斗地主;军棋翻翻棋;保皇;真人麻将
20244,手机游戏、手机游戏--角色扮演,127830;101229;12353;5655;19301;118439;33376;116947;29222;115982,命运冠位指定;圣斗士星矢-重生;狂斩三国2;斗龙战士3龙印之战;倚天屠龙记;剑侠世界;暗黑黎明;大唐无双;MR魔法英雄;黎明之光
20253,手机游戏、手机游戏--棋牌游戏,6626;8217;102933;5605;9515;12101;8099;10435;6081;12798,精品中国象棋;五子连珠;皮皮四川麻将;口袋德州扑克;欢乐围棋;跑得快;博雅四川棋牌;单机拖拉机升级;围棋宝典;干瞪眼
5919,手机游戏、手机游戏--角色扮演,1476;115766;3022;37182;2709;123401;7056;3807;8180;12756,火影忍者;阴阳师;梦幻西游;倩女幽魂;时空猎人;天龙八部手游;熹妃传;大话西游;后宫甄执;模拟山羊
28451,手机游戏、手机游戏--体育游戏,126302;116666;12351;15068;29318;115882;17278;100162;5249;6291,FIFA足球世界;街头篮球;台球帝国;真实滑板;滑雪大冒险中国风;台球大师;8球台球;火柴人足球2014;NBA 2K13;滑雪大冒险2
3876,手机游戏、手机游戏--赛车游戏,5033;1000001;6848;3555;10245;9960;9004;16294;6645;27157,猪猪侠百变飞车;3D终极狂飙4;主驾驶;狂野飚车8-极速凌云;暴力摩托;3D狂野飞车-极速前进;3D狂野飞车;摩托竞技3D;3D终极车神2;极速摩托
108327,手机游戏、手机游戏--模拟经营,101756;124158;20699;118924;118296;8829;27689;118416;14246;102954,猎鹿人2014;碧蓝航线;大富翁4Fun-圣诞狂欢;辐射-庇护所;模拟城市-建造;抢车位;刘备磕头;植物保姆;战警-坦克游戏;城市岛屿3-模拟城市
18216,手机游戏、手机游戏--策略游戏,10157;8422;12188;10037;9637;108764;11113;8882;5429;14619,小小指挥官2;坦克前线帝国;城堡突袭2;小小军团;七雄争霸;沼泽派对;帝国塔防2;巨炮战队;龙骑帝国;战警-大国崛起
7983,手机游戏、手机游戏--策略游戏,1549;15519;125836;124143;4352;120421;7520;6696;12152;11271,海岛奇兵;保卫萝卜3;决战！平安京;乱世王者;保卫萝卜-每日一战;王国纪元;口袋妖怪复刻;率土之滨;燃烧的蔬菜3;功夫熊猫3
10037,手机游戏、手机游戏--策略游戏,4269;10379;10157;8422;12188;9637;18216;108764;11113;8882,全民主公-巅峰竞技;三国群英传一;小小指挥官2;坦克前线帝国;城堡突袭2;七雄争霸;王国保卫战-起源;沼泽派对;帝国塔防2;巨炮战队
7994,手机游戏、手机游戏--休闲游戏,33824;6752;116423;9340;22379;8580;15087;9716;5874;11002,熊猫泡泡;天天街机捕鱼;消灭星星(中文版);七彩祖玛2;七彩祖玛;捕鱼之海底捞;3M捕鱼;单机消星星;水果泡泡龙;猪猪侠之百变联盟
5948,手机游戏、手机游戏--休闲游戏,8824;5720;5672;6547;1962;16192;12366;12173;8534;5158,水果连连看3;欢乐盖大楼;消灭糖果;冰雪奇缘-冰纷乐;消灭星星3;开心捕鱼;别踩白块儿6;别踩白块儿4;陌陌熊熊消;啪啪泡泡龙2016
7998,手机游戏、手机游戏--休闲游戏,659;32061;10892;12145;18368;6824;2425;8824;5720;5672,消灭星星2015;蠢蠢的死法;疯狂捕鱼3;小鸟爆破;开心糖果消消乐;全民爱消除;快乐酷宝;水果连连看3;欢乐盖大楼;消灭糖果
16192,手机游戏、手机游戏--休闲游戏,8824;5720;5672;6547;1962;12366;12173;8534;5948;5158,水果连连看3;欢乐盖大楼;消灭糖果;冰雪奇缘-冰纷乐;消灭星星3;别踩白块儿6;别踩白块儿4;陌陌熊熊消;天天星连萌;啪啪泡泡龙2016
100162,手机游戏、手机游戏--体育游戏,15068;29318;28451;115882;17278;5249;6291;13659;8047;107571,真实滑板;滑雪大冒险中国风;梦幻足球联盟;台球大师;8球台球;NBA 2K13;滑雪大冒险2;我爱台球;胜利足球;FIFA 15-终极队伍
12101,手机游戏、手机游戏--棋牌游戏,8217;102933;5605;9515;20253;8099;10435;6081;12798;13173,五子连珠;皮皮四川麻将;口袋德州扑克;欢乐围棋;国际象棋;博雅四川棋牌;单机拖拉机升级;围棋宝典;干瞪眼;卡五星
3913,手机游戏、手机游戏--棋牌游戏,2840;4297;9022;5793;7319;12579;10533;4345;5460;14417,赢话费斗地主;玩玩四川麻将;快乐飞行棋;蜘蛛纸牌;经典单机麻将;空当接龙;南通长牌;欢乐大赢家;全民炸翻天;忘忧围棋
10057,手机游戏、手机游戏--游戏助手,5486;6119;4924;4793;3597;115875;7126;4732;18455;8673,天刀助手;掌上洛克;炉石传说掌游宝;口袋梦三国;Max+;G家;战网手机令牌;旅法师营地;网易游戏;烧饼加速器
1867,手机游戏、手机游戏--游戏助手,115709;5647;2261;974;1568;115676;3157;2990;4210;46469,360游戏大厅;沃游戏;交易猫;咪咕游戏;啪啪游戏厅;游戏蜂窝;小鸡模拟器;逆战助手;梦幻藏宝阁;天天抢礼包
10058,手机游戏、手机游戏--桌面游戏,1787;125841;116804;3617;3589;119679;122336,英雄杀;饭局狼人杀;狼人杀;三国杀;天天富翁;狼人杀Online;欢乐狼人杀
10066,手机游戏、手机游戏--休闲游戏,9716;5874;11002;3402;12403;2059;100470;5235;104197;120363,单机消星星;水果泡泡龙;猪猪侠之百变联盟;果汁四溅;单机忍者切水果;俄罗斯方块;坦克1990;猪猪侠爱消除;泡泡龙II;泡泡女巫2
8019,手机游戏、手机游戏--休闲游戏,16766;20639;100552;5725;108629;33824;6752;116423;9340;22379,切水果消消乐;宝石仙境-天天消宝石;天天打波利;全民连连消;糖果联机;熊猫泡泡;天天街机捕鱼;消灭星星(中文版);七彩祖玛2;七彩祖玛
1877,手机游戏、手机游戏--棋牌游戏,2343;1016;1333;1076;2571;1546;1548;1396;2026;4703,博雅中国象棋;单机斗地主(开心版);JJ比赛;四川麻将;同城游;吉祥棋牌;军棋;波克棋牌;QQ斗地主;掼蛋
5974,手机游戏、手机游戏--模拟经营,12215;941;116215;2102;19833;11993;118053;4790;2258;6034,我的安吉拉;奇迹暖暖;梦幻花园;全民农场-欢乐集市;晴天小猫;真实武器模拟器;猫咪后院;暖暖环游世界;开心水族箱;去吧皮卡丘
108375,手机游戏、手机游戏--游戏助手,46469;115486;1331;1334;1116;972;3938;4018;478;5486,天天抢礼包;掌上TGP;地下城与勇士掌游宝;葫芦侠我的世界;英雄联盟LOL掌游宝;多玩饭盒;按键精灵;我的世界助手;叉叉助手;天刀助手
5984,手机游戏、手机游戏--游戏助手,115875;7126;4732;18455;8673;12319;107058;5639;115705;17830,G家;战网手机令牌;旅法师营地;网易游戏;烧饼加速器;随身风暴英雄;守望先锋掌游宝;找乐助手;腾讯充值;冒泡网游
3938,手机游戏、手机游戏--游戏助手,1331;1334;1116;108375;972;4018;478;5486;6119;4924,地下城与勇士掌游宝;葫芦侠我的世界;英雄联盟LOL掌游宝;Google Play Games;多玩饭盒;我的世界助手;叉叉助手;天刀助手;掌上洛克;炉石传说掌游宝
22379,手机游戏、手机游戏--休闲游戏,8019;33824;6752;116423;9340;7994;8580;15087;9716;5874,3D桌球;熊猫泡泡;天天街机捕鱼;消灭星星(中文版);七彩祖玛2;消灭星星5;捕鱼之海底捞;3M捕鱼;单机消星星;水果泡泡龙
10094,手机游戏、手机游戏--冒险游戏,126696;25265;3215;16065;7212;13640;6503;8869;20658;15909,第五人格;英魂之刃;造梦西游OL;地狱边境;滑板少年;忍者突袭;剑与魔法;部落探险;疯狂的麦咭;失落之城
8047,手机游戏、手机游戏--体育游戏,15068;29318;28451;115882;17278;100162;5249;6291;13659;107571,真实滑板;滑雪大冒险中国风;梦幻足球联盟;台球大师;8球台球;火柴人足球2014;NBA 2K13;滑雪大冒险2;我爱台球;FIFA 15-终极队伍
12145,手机游戏、手机游戏--休闲游戏,10765;22588;659;32061;10892;18368;7998;6824;2425;8824,糖果大爆炸;会说话的圣诞老人;消灭星星2015;蠢蠢的死法;疯狂捕鱼3;开心糖果消消乐;冲关泡泡龙;全民爱消除;快乐酷宝;水果连连看3
100211,手机游戏、手机游戏--跑酷游戏,115562;115499;434;1611;2381;853;24555;8879;8296;100695,汤姆猫跑酷;疯狂动物园;天天酷跑;熊出没之熊大快跑;神偷奶爸小黄人快跑;僵尸尖叫;永不言弃!!;铠甲勇士之英雄传说;猫和老鼠;草莓公主甜心跑酷
3956,手机游戏、手机游戏--动作游戏,10948;11265;6236;4032;36770;17863;6336;5525;33376;3839,神魔2.0;全民奇迹;三国之刃;六龙争霸3D;全民斗战神;宫爆-老奶奶家族篇2;果宝特攻;热血奥特超人;暗黑黎明;超级飞侠-飞机跑酷
3958,手机游戏、手机游戏--动作游戏,105089;3304;100272;2332;15878;16998;19135;10948;11265;6236,英雄大作战;天天酷跑3D;异形大战铁血战士-进化(完美版);机战王;天天斗三国;现代战争4;永恒战士2;神魔2.0;全民奇迹;三国之刃
12152,手机游戏、手机游戏--策略游戏,4352;7983;120421;7520;6696;11271;100778;1594;104426;11285,保卫萝卜-每日一战;植物大战僵尸2-宝开;王国纪元;口袋妖怪复刻;率土之滨;功夫熊猫3;巅峰战舰;全民超神;梦幻诛仙;红色警报2共和国崛起
8066,手机游戏、手机游戏--棋牌游戏,95423;7516;8321;14370;2289;9236;12426;6020;7815;17307,接龙;吉祥长春麻将;金游掼蛋;JJ德州扑克;豹子王;土豪炸翻天;疯狂麻将;马上斗地主;开心三张;掌心牛牛
14211,手机游戏、手机游戏--音乐游戏,4990;7830;8953;116005;115546;7282;6216;5194;10553,完美钢琴;恋舞OL;炫舞小灵通;劲舞团;爱上钢琴Online;天天炫舞;QQ炫舞2;乐动舞指;乐动时代
6020,手机游戏、手机游戏--棋牌游戏,95423;7516;8321;14370;2289;9236;12426;8066;7815;17307,接龙;吉祥长春麻将;金游掼蛋;JJ德州扑克;豹子王;土豪炸翻天;疯狂麻将;QQ麻将;开心三张;掌心牛牛
14214,手机游戏、手机游戏--棋牌游戏,10003;13143;11185;12824;8943;7229;95423;7516;8321;14370,嘉米麻将;街机麻将合集之龙虎争霸;明星斗地主;军棋翻翻棋;保皇;博雅德州扑克;接龙;吉祥长春麻将;金游掼蛋;JJ德州扑克
8073,手机游戏、手机游戏--射击游戏,97876;8231;115650;100478;11730;14899;10973;6218;8645;4428,弹弹岛2;僵尸前线3D;御龙在天;火线指令- 诺曼底;3D坦克争霸;魂斗罗进化革命;杀手2-影子阴谋;全民枪神(春节版);狙击行动3D-代号猎鹰;全民枪王
12173,手机游戏、手机游戏--休闲游戏,8824;5720;5672;6547;1962;16192;12366;8534;5948;5158,水果连连看3;欢乐盖大楼;消灭糖果;冰雪奇缘-冰纷乐;消灭星星3;开心捕鱼;别踩白块儿6;陌陌熊熊消;天天星连萌;啪啪泡泡龙2016
10127,手机游戏、手机游戏--休闲游戏,1767;1283;931;17770;1532;8395;1277;100795;6161;3518,QQ游戏;腾讯桌球;PopStar！消灭星星;消灭星星3-糖果宝贝;QQ农场;一起玩陶艺;会说话的汤姆猫;水果忍者;全民钓鱼;熊出没之疯狂弹射
6034,手机游戏、手机游戏--模拟经营,19833;11993;118053;4790;2258;115462;7866;101594;3741;25945,晴天小猫;真实武器模拟器;猫咪后院;暖暖环游世界;开心水族箱;未上锁的房间-昔日之罪;模拟人生;孤岛求生;卡通农场;甜甜萌物语
3988,手机游戏、手机游戏--赛车游戏,124142;1807;115586;1127;12517;6682;5033;1000001;6848;3555,QQ飞车手游;登山赛车;城市飞车-极盗车神;天天飞车;3D暴力摩托;真实赛车3;猪猪侠百变飞车;3D终极狂飙4;主驾驶;狂野飚车8-极速凌云
12188,手机游戏、手机游戏--策略游戏,6818;4269;10379;10157;8422;10037;9637;18216;108764;11113,战舰帝国-舰队对战;全民主公-巅峰竞技;三国群英传一;小小指挥官2;坦克前线帝国;小小军团;七雄争霸;王国保卫战-起源;沼泽派对;帝国塔防2
1952,手机游戏、手机游戏--游戏助手,105994;583;115653;1490;556;2587;3131;1274;584;115709,王者荣耀助手;4399游戏盒;天天游戏中心;掌上穿越火线;多玩我的世界盒子;7723游戏盒;八门神器;网易将军令;虫虫助手;360游戏大厅
36770,手机游戏、手机游戏--动作游戏,19135;10948;11265;6236;4032;3956;17863;6336;5525;33376,永恒战士2;神魔2.0;全民奇迹;三国之刃;六龙争霸3D;全民无双;宫爆-老奶奶家族篇2;果宝特攻;热血奥特超人;暗黑黎明
8099,手机游戏、手机游戏--棋牌游戏,102933;5605;9515;20253;12101;10435;6081;12798;13173;7030,皮皮四川麻将;口袋德州扑克;欢乐围棋;国际象棋;跑得快;单机拖拉机升级;围棋宝典;干瞪眼;卡五星;咪咕棋牌
14246,手机游戏、手机游戏--模拟经营,118924;118296;108327;8829;27689;118416;102954;117351;13615;11051,辐射-庇护所;模拟城市-建造;城市岛屿2;抢车位;刘备磕头;植物保姆;城市岛屿3-模拟城市;时尚达人;吃货大食堂;料理妈妈
16294,手机游戏、手机游戏--赛车游戏,3555;10245;3876;9960;9004;6645;27157;10667;11141;16709,狂野飚车8-极速凌云;暴力摩托;激流快艇2;3D狂野飞车-极速前进;3D狂野飞车;3D终极车神2;极速摩托;北京赛车;3D暴力摩托2;竞技摩托
4009,手机游戏、手机游戏--飞行游戏,1267;105813;4513;19143;24007;5865;15180;16693;5317;6692,雷霆战机;炮艇战3d直升机;神武2;超决战！奥特曼银河传说;模拟极限飞行;青丘狐传说;疯狂喷气机;雷霆X战机2;雷射战机2015;驯龙战机3D
1962,手机游戏、手机游戏--休闲游戏,2425;8824;5720;5672;6547;16192;12366;12173;8534;5948,快乐酷宝;水果连连看3;欢乐盖大楼;消灭糖果;冰雪奇缘-冰纷乐;开心捕鱼;别踩白块儿6;别踩白块儿4;陌陌熊熊消;天天星连萌
10157,手机游戏、手机游戏--策略游戏,7808;5696;6818;4269;10379;8422;12188;10037;9637;18216,坦克前线-帝国OL;横扫千军;战舰帝国-舰队对战;全民主公-巅峰竞技;三国群英传一;坦克前线帝国;城堡突袭2;小小军团;七雄争霸;王国保卫战-起源
100272,手机游戏、手机游戏--动作游戏、手机游戏--角色扮演,9130;6309;124154;9156;9856;107943;119641;7257;12588;10460,花千骨;侠盗猎车手3;fate/GrandOrder(命运-冠位指定);天龙八部3D-万代宗师;虚荣;天下;影之刃2;This War of Mine;征途;口袋英雄
4018,手机游戏、手机游戏--游戏助手,1334;1116;108375;972;3938;478;5486;6119;4924;4793,葫芦侠我的世界;英雄联盟LOL掌游宝;Google Play Games;多玩饭盒;按键精灵;叉叉助手;天刀助手;掌上洛克;炉石传说掌游宝;口袋梦三国
12215,手机游戏、手机游戏--模拟经营,941;116215;5974;2102;19833;11993;118053;4790;2258;6034,奇迹暖暖;梦幻花园;梦想城镇;全民农场-欢乐集市;晴天小猫;真实武器模拟器;猫咪后院;暖暖环游世界;开心水族箱;去吧皮卡丘
116666,手机游戏、手机游戏--体育游戏,4465;126302;12351;15068;29318;28451;115882;17278;100162;5249,滑雪大冒险;FIFA足球世界;台球帝国;真实滑板;滑雪大冒险中国风;梦幻足球联盟;台球大师;8球台球;火柴人足球2014;NBA 2K13
12218,手机游戏、手机游戏--游戏助手,12319;107058;5639;115705;17830;17455;6914;15348;2244;102059,随身风暴英雄;守望先锋掌游宝;找乐助手;腾讯充值;冒泡网游;完美刀塔助手;奇迹暖暖掌游宝;我的世界合成表;烧饼修改器;掌上王者荣耀
4028,手机游戏、手机游戏--跑酷游戏,8296;100695;1698;4618;8128;7705;4859;4807;12429;7128,猫和老鼠;草莓公主甜心跑酷;酷跑超人-奥特曼;喜羊羊快跑;奔跑吧兄弟;海绵宝宝大冒险;猪猪侠向前冲;开心酷跑-圣诞狂欢;超级玛丽酷跑;天天风之旅
8128,手机游戏、手机游戏--跑酷游戏,8879;8296;100695;1698;4618;4028;7705;4859;4807;12429,铠甲勇士之英雄传说;猫和老鼠;草莓公主甜心跑酷;酷跑超人-奥特曼;喜羊羊快跑;熊出没2-萌宠炫飞;海绵宝宝大冒险;猪猪侠向前冲;开心酷跑-圣诞狂欢;超级玛丽酷跑
4032,手机游戏、手机游戏--动作游戏,16998;19135;10948;11265;6236;36770;3956;17863;6336;5525,现代战争4;永恒战士2;神魔2.0;全民奇迹;三国之刃;全民斗战神;全民无双;宫爆-老奶奶家族篇2;果宝特攻;热血奥特超人
6081,手机游戏、手机游戏--棋牌游戏,9515;20253;12101;8099;10435;12798;13173;7030;9046;10003,欢乐围棋;国际象棋;跑得快;博雅四川棋牌;单机拖拉机升级;干瞪眼;卡五星;咪咕棋牌;正宗四川麻将;嘉米麻将
18368,手机游戏、手机游戏--休闲游戏,22588;659;32061;10892;12145;7998;6824;2425;8824;5720,会说话的圣诞老人;消灭星星2015;蠢蠢的死法;疯狂捕鱼3;小鸟爆破;冲关泡泡龙;全民爱消除;快乐酷宝;水果连连看3;欢乐盖大楼
1988,手机游戏、手机游戏--休闲游戏,3571;3772;1670;116790;3171;2649;5109;2475;8683;105596,找你妹2015;多牛百变方块;BB弹;捕鱼来了;别踩白块儿;会说话的安吉拉;老爸曾是小偷;捕鱼达人2;跳跃忍者;见缝插针
10191,手机游戏、手机游戏--策略游戏,18216;108764;11113;8882;5429;14619;25937;8375;29660;12416,王国保卫战-起源;沼泽派对;帝国塔防2;巨炮战队;龙骑帝国;战警-大国崛起;混沌与秩序-英雄战歌;陌陌争霸;植物僵尸全明星;潮爆三国
20435,手机游戏、手机游戏--策略游戏,125837;8409;10905;7068;6538;10646;6485;6963;11870;124158,真龙霸业;饭店物语;暴击僵尸;乱斗西游2;城堡争霸-遗落之境;世界征服者3;坦克风云;COK列王的纷争;燃烧的蔬菜(季节版);碧蓝航线
6107,手机游戏、手机游戏--休闲游戏,105795;8233;9466;5246;120274;10649;15198;2559;17620;9458,泡泡龙亚特兰蒂斯;快乐捕鱼;开心泡泡鼠;切水果2;疯狂贪吃蛇;燃烧的蔬菜2;开心泡泡龙;快乐点点消;捣蛋猪;矿车大逃亡
12253,手机游戏、手机游戏--赛车游戏,16294;6645;27157;10667;11141;16709;25505;13315;12914;101178,摩托竞技3D;3D终极车神2;极速摩托;北京赛车;3D暴力摩托2;竞技摩托;口袋拉力赛;3D霹雳飞车;极品飞车17-最高通缉;疯狂出租车-都市狂飙
118752,手机游戏、手机游戏--休闲游戏,120363;5477;8229;8530;12732;5598;21767;11218;7550;5321,泡泡女巫2;消灭星星;消灭水果;消消乐(官方正版);祖玛传奇;全民大消除;涂鸦跳跃;找你妹2;泡泡龙-喵星人来袭;果冻消消乐
2019,手机游戏、手机游戏--模拟经营,101594;3741;25945;9341;4339;106150;17655;14860;12029;2882,孤岛求生;卡通农场;甜甜萌物语;暖暖的换装物语;开心商店;烹饪发烧友;我的明星女友;怪物的世界;晴天小狗;全民小镇
6119,手机游戏、手机游戏--游戏助手,972;3938;4018;478;5486;4924;4793;3597;10057;115875,多玩饭盒;按键精灵;我的世界助手;叉叉助手;天刀助手;炉石传说掌游宝;口袋梦三国;Max+;GBA模拟器 My Boy!;G家
2025,手机游戏、手机游戏--棋牌游戏,100486;5342;115450;2160;2272;4695;9356;5363;7539;5339,JJ麻将;达人麻将;闲来麻将;JJ欢乐斗地主;波克斗地主;五子棋大师;欢乐五子棋;够级;航海王强者之路;同城游打大A
104426,手机游戏、手机游戏--策略游戏,6696;12152;11271;100778;1594;11285;10479;24307;7766;125837,率土之滨;燃烧的蔬菜3;功夫熊猫3;巅峰战舰;全民超神;红色警报2共和国崛起;米拉奇战记;山羊大碰撞;无尽之战;真龙霸业
2026,手机游戏、手机游戏--棋牌游戏,2571;1877;1546;1548;1396;4703;1453;3539;3309;100486,同城游;单机斗地主-博雅;吉祥棋牌;军棋;波克棋牌;掼蛋;真人斗地主2;多乐保皇;斗地主;JJ麻将
24555,手机游戏、手机游戏--跑酷游戏,115499;434;1611;2381;853;8879;8296;100695;1698;4618,疯狂动物园;天天酷跑;熊出没之熊大快跑;神偷奶爸小黄人快跑;僵尸尖叫;铠甲勇士之英雄传说;猫和老鼠;草莓公主甜心跑酷;酷跑超人-奥特曼;喜羊羊快跑
100338,手机游戏、手机游戏--角色扮演,7056;3807;8180;12756;105901;93606;18156;4302;9024;1803,熹妃传;大话西游;后宫甄执;模拟山羊;诛仙;新剑侠情缘;Fate/GO;少年三国志;新大话西游2;果宝三国
8180,手机游戏、手机游戏--角色扮演,2709;5919;123401;7056;3807;12756;105901;100338;93606;18156,时空猎人;问道;天龙八部手游;熹妃传;大话西游;模拟山羊;诛仙;御剑情缘;新剑侠情缘;Fate/GO
18431,手机游戏、手机游戏--智力游戏,11088;16029;19455;14596;1607;13099;5517;8713;9663;5581,密室逃亡;你画我猜;阿达脑训练;疯狂猜歌;么么答;疯狂填字;看图猜成语;鳄鱼小顽皮爱洗澡2;最强大脑2;脑力达人-宠物
